ukuran_tim,durasi_rencana_hari,anggaran_juta,kompleksitas,pengalaman_tim_tahun,perubahan_requirement,keterlibatan_klien,risiko_teknologi,jumlah_stakeholder,turnover_tim_persen,ketersediaan_sumber_daya,metodologi,probabilitas_risiko_sintetis,estimasi_keterlambatan_hari,terlambat
6,207,925.5,2,3.4,4,4,4,8,13.7,4,Agile,0.081,0,0
32,117,389.4,2,20.5,2,2,4,16,14.1,4,Hybrid,0.0,0,0
27,106,935.6,1,4.4,7,4,2,2,17.3,3,Agile,0.09,0,0
19,138,307.1,4,3.7,1,5,5,11,28.0,3,Waterfall,0.916,21,1
19,230,283.5,5,1.4,2,1,4,20,5.8,2,Waterfall,0.993,61,1
35,111,632.1,4,5.3,7,5,3,6,7.4,4,Hybrid,0.461,21,1
6,337,596.2,3,5.5,3,4,5,2,24.9,1,Agile,0.458,0,0
29,191,547.0,4,7.0,5,5,1,7,19.5,2,Hybrid,0.611,14,1
10,320,1448.4,2,1.2,3,3,4,3,18.4,3,Agile,0.531,0,0
6,259,495.2,1,3.1,10,1,4,13,7.3,1,Agile,0.907,42,1
23,142,739.6,2,2.5,5,5,1,5,21.0,5,Hybrid,0.239,0,0
40,106,633.6,4,1.2,1,3,3,6,18.4,5,Agile,0.561,0,0
30,279,854.9,4,3.0,5,1,3,13,13.5,3,Agile,0.895,36,1
31,141,892.7,5,1.5,6,1,2,8,7.3,3,Waterfall,0.956,31,1
30,112,699.8,5,1.0,7,2,5,14,12.9,2,Hybrid,0.977,57,1
32,342,441.3,2,6.2,3,2,4,19,25.2,2,Agile,0.703,0,0
22,192,439.9,1,2.6,0,3,2,19,3.2,5,Agile,0.105,0,0
7,46,504.6,2,2.0,4,3,3,15,5.6,3,Agile,0.233,8,1
34,196,698.0,5,8.2,5,5,1,20,7.0,5,Waterfall,0.432,1,1
20,184,830.9,5,5.7,5,5,1,15,8.7,1,Agile,0.188,26,1
22,320,452.9,1,0.4,3,4,4,3,11.9,1,Waterfall,0.533,31,1
17,269,1075.2,1,4.9,7,4,5,20,19.7,3,Waterfall,0.458,18,1
9,94,541.4,3,4.9,2,5,2,12,15.7,4,Hybrid,0.017,0,0
38,80,189.6,4,2.9,3,2,2,2,12.5,3,Agile,0.816,15,1
32,232,1396.4,5,2.9,3,3,4,13,14.2,5,Hybrid,0.522,0,0
27,45,619.7,4,0.8,0,4,3,6,17.0,1,Agile,0.847,0,0
18,137,899.4,2,13.1,6,2,1,12,0.0,5,Waterfall,0.013,0,0
34,76,244.5,1,3.0,6,5,4,14,20.6,3,Agile,0.417,0,0
23,36,419.2,4,4.7,5,2,2,2,5.4,2,Waterfall,0.622,25,1
19,338,514.3,3,3.2,5,1,1,10,8.5,4,Agile,0.701,16,1
20,60,310.3,5,2.0,8,2,3,3,14.7,4,Hybrid,0.99,57,1
11,33,535.5,3,6.5,3,5,4,4,11.4,5,Agile,0.003,0,0
6,343,486.9,3,4.1,2,2,3,6,15.9,1,Agile,0.585,19,1
24,93,1021.1,2,3.1,4,2,4,16,13.1,4,Hybrid,0.116,0,0
36,304,186.5,1,4.7,2,5,2,9,9.7,2,Agile,0.091,0,0
5,40,775.4,5,3.4,4,1,3,2,24.2,3,Agile,0.838,20,1
35,81,932.8,5,11.0,4,1,4,16,17.7,3,Agile,0.873,0,0
34,67,1402.2,1,6.4,4,5,3,12,14.4,4,Agile,0.016,0,0
13,267,844.5,4,5.2,3,2,2,4,17.5,2,Waterfall,0.255,16,1
27,238,373.7,2,0.9,3,1,5,12,6.4,2,Agile,0.902,42,1
9,189,528.4,3,5.4,6,3,1,6,29.4,3,Agile,0.257,0,0
31,111,670.9,5,5.3,3,4,5,14,3.3,4,Waterfall,0.602,19,1
29,59,1092.1,5,1.5,6,4,4,20,12.9,5,Hybrid,0.777,37,1
16,221,230.7,1,0.8,3,1,1,7,9.7,1,Waterfall,0.828,23,1
5,107,774.0,2,6.2,2,2,2,16,9.4,3,Agile,0.056,0,0
39,228,261.5,5,6.7,2,4,2,2,8.4,1,Hybrid,0.491,20,1
19,260,449.3,5,2.2,4,4,5,9,5.8,4,Waterfall,0.879,41,1
36,315,291.9,1,2.1,5,4,3,18,21.5,4,Hybrid,0.689,0,0
28,195,416.1,5,4.0,2,2,2,3,2.4,5,Hybrid,0.443,0,0
32,31,866.7,3,2.6,4,5,5,19,19.9,1,Agile,0.528,0,0
31,124,494.9,3,0.8,5,1,1,3,17.2,4,Hybrid,0.781,31,1
10,316,397.2,1,1.5,3,5,5,11,9.0,4,Agile,0.483,0,0
16,209,371.7,4,4.6,3,5,5,5,16.3,4,Agile,0.35,0,0
20,238,328.9,4,1.6,6,4,2,2,10.7,4,Agile,0.33,0,0
21,183,837.3,4,7.0,4,3,1,8,3.2,3,Agile,0.181,0,0
4,84,607.2,4,5.2,2,2,5,13,3.3,1,Waterfall,0.801,15,1
23,331,704.0,5,4.7,1,3,5,15,17.2,5,Waterfall,0.473,26,1
8,289,279.2,5,4.0,2,1,2,8,16.8,2,Agile,0.728,21,1
31,364,608.5,4,1.9,2,2,1,11,13.9,1,Hybrid,0.803,55,1
28,317,177.7,5,5.7,2,4,2,5,8.9,4,Hybrid,0.598,1,1
38,127,1017.3,4,1.9,3,3,1,15,10.5,5,Hybrid,0.437,18,1
31,115,773.7,4,7.3,1,3,4,5,9.4,4,Waterfall,0.198,0,0
16,113,566.4,3,9.9,1,3,3,18,0.0,2,Agile,0.019,0,0
39,338,164.1,4,4.1,4,1,2,5,12.5,5,Agile,0.393,0,0
18,217,362.8,1,9.0,1,5,4,14,16.2,5,Waterfall,0.083,0,0
15,182,290.2,3,1.5,2,5,4,8,12.5,2,Agile,0.78,26,1
37,355,551.6,3,5.2,8,2,1,20,26.2,3,Agile,0.687,21,1
17,232,715.9,5,3.6,3,2,3,7,4.0,5,Hybrid,0.669,0,0
5,335,697.4,1,6.3,4,4,5,20,6.7,1,Waterfall,0.551,11,1
20,360,1189.0,4,0.5,2,1,4,17,13.1,2,Hybrid,0.955,37,1
33,56,584.4,1,6.0,5,1,5,10,14.0,3,Hybrid,0.852,17,1
10,151,1049.0,5,2.1,7,5,5,11,0.0,1,Agile,0.991,37,1
20,276,515.1,5,3.7,2,1,1,8,16.8,1,Waterfall,0.907,43,1
7,303,759.2,2,12.9,3,3,2,10,14.0,4,Waterfall,0.002,0,0
29,79,539.8,5,5.4,6,5,3,10,0.0,2,Hybrid,0.466,0,0
21,136,687.0,3,4.9,1,4,3,4,11.1,2,Waterfall,0.035,0,0
15,214,587.9,5,4.6,8,2,4,8,5.5,2,Waterfall,0.991,39,1
11,298,427.3,4,7.8,4,1,4,18,8.4,1,Hybrid,0.739,0,0
24,67,1933.5,1,6.4,7,4,4,20,1.3,4,Agile,0.177,0,0
28,231,698.4,2,4.6,5,3,1,3,15.3,2,Agile,0.435,8,1
38,129,783.1,3,4.2,3,5,4,15,26.1,4,Waterfall,0.335,18,1
19,102,849.1,2,4.0,3,4,4,6,14.1,5,Agile,0.027,0,0
9,203,657.1,1,3.4,13,1,4,14,0.0,3,Hybrid,0.983,33,1
34,169,164.1,5,1.2,7,2,3,13,14.3,5,Waterfall,0.992,59,1
26,243,714.9,5,5.3,3,4,1,18,10.4,1,Waterfall,0.568,1,1
29,136,318.8,3,2.3,2,4,1,15,3.2,5,Waterfall,0.24,0,0
6,306,643.0,2,3.1,4,4,4,17,14.8,2,Agile,0.39,0,0
14,56,685.4,1,6.7,2,2,5,17,19.0,2,Waterfall,0.621,0,0
32,319,232.8,5,3.5,7,2,5,14,6.7,5,Hybrid,0.991,61,1
34,40,602.4,2,3.3,3,2,3,9,0.0,3,Waterfall,0.64,17,1
19,277,276.4,1,4.1,4,4,3,8,0.0,4,Waterfall,0.712,5,1
33,146,157.2,2,2.8,3,1,1,8,6.7,5,Hybrid,0.847,21,1
34,158,273.1,3,12.8,2,5,3,8,10.8,3,Hybrid,0.022,0,0
17,36,566.5,4,11.6,4,2,1,7,7.9,2,Agile,0.269,1,1
37,265,550.3,2,11.4,1,3,4,7,6.5,3,Hybrid,0.021,0,0
13,85,466.9,5,4.6,4,2,4,12,16.5,2,Waterfall,0.979,41,1
12,251,768.9,4,2.2,3,3,1,7,15.7,3,Agile,0.299,0,0
28,273,534.8,5,6.9,2,4,5,8,13.6,2,Waterfall,0.88,29,1
27,314,719.3,2,2.8,2,1,4,15,18.5,5,Agile,0.473,0,0
8,267,845.4,4,7.3,5,3,2,8,6.7,3,Agile,0.14,0,0
34,131,1609.9,2,2.1,3,1,3,4,3.2,4,Hybrid,0.898,9,1
10,278,571.0,4,4.9,5,1,1,2,7.8,4,Waterfall,0.784,44,1
33,307,1018.1,4,8.0,4,4,5,16,7.3,2,Agile,0.435,1,1
3,136,666.9,2,3.0,4,3,1,20,0.0,2,Hybrid,0.136,0,0
33,71,685.0,5,3.0,6,4,5,14,7.6,5,Agile,0.865,32,1
32,329,574.7,5,0.9,6,2,4,3,20.8,1,Waterfall,0.991,89,1
32,79,639.7,5,2.1,5,2,5,12,18.4,2,Agile,0.99,54,1
28,229,537.2,2,4.5,1,3,2,7,16.2,4,Waterfall,0.424,0,0
20,109,935.6,4,5.1,3,1,5,8,13.1,3,Agile,0.478,19,1
29,72,416.7,1,5.6,4,5,3,19,23.6,4,Agile,0.375,1,1
13,290,271.8,1,0.6,3,2,2,17,3.5,1,Agile,0.938,16,1
32,78,459.5,5,2.8,6,4,2,15,4.3,2,Agile,0.888,29,1
24,255,436.0,1,1.0,0,1,5,11,21.0,3,Agile,0.835,33,1
20,262,459.4,5,4.4,5,4,3,12,12.2,2,Waterfall,0.856,0,0
22,50,560.4,3,0.8,4,2,3,19,6.6,3,Waterfall,0.915,37,1
24,88,460.2,2,1.4,3,2,4,14,16.4,5,Agile,0.371,0,0
4,296,556.6,1,6.3,2,3,3,13,8.5,4,Hybrid,0.021,0,0
8,200,460.9,4,2.3,9,1,3,3,5.3,4,Agile,0.901,23,1
12,70,726.4,4,9.0,2,1,2,20,5.1,1,Waterfall,0.061,0,0
7,363,1602.8,3,5.7,3,4,1,17,14.6,3,Agile,0.085,0,0
19,119,660.6,5,3.0,8,2,5,8,13.6,5,Agile,0.973,38,1
28,31,470.1,2,7.0,1,3,3,6,24.1,4,Agile,0.043,0,0
27,340,166.0,3,3.2,4,4,5,20,9.7,4,Agile,0.255,0,0
20,35,1347.6,2,6.1,7,4,3,20,9.5,5,Hybrid,0.114,6,1
35,215,678.1,3,2.0,10,4,3,9,23.5,5,Waterfall,0.831,41,1
24,363,554.2,1,7.3,3,5,3,6,19.9,2,Agile,0.024,0,0
6,224,171.1,3,0.8,6,4,5,17,13.2,2,Agile,0.991,48,1
32,226,568.1,3,1.4,1,2,1,13,0.0,2,Agile,0.105,20,1
24,160,637.2,3,1.6,3,2,3,19,5.5,4,Waterfall,0.727,48,1
27,72,461.8,3,2.2,4,5,1,12,3.6,2,Agile,0.584,1,1
24,222,298.2,4,4.7,7,3,5,12,12.3,5,Waterfall,0.883,39,1
24,331,288.3,3,3.7,7,3,3,4,7.9,5,Agile,0.452,21,1
6,60,1357.8,2,6.1,4,5,5,13,24.8,4,Agile,0.34,0,0
24,325,628.5,2,8.1,6,2,2,8,0.0,1,Waterfall,0.472,0,0
33,169,461.6,4,0.7,3,2,1,5,2.7,4,Hybrid,0.921,23,1
14,210,610.8,5,8.7,1,1,4,16,14.0,2,Hybrid,0.626,29,1
25,85,591.2,4,3.1,3,1,1,8,16.2,3,Agile,0.634,16,1
4,238,281.1,4,11.3,4,4,2,6,0.0,2,Hybrid,0.144,0,0
16,91,906.8,5,2.0,4,3,2,20,0.0,1,Hybrid,0.977,37,1
19,121,547.3,5,0.5,7,2,2,20,9.9,4,Waterfall,0.932,52,1
40,272,632.6,3,5.7,6,2,1,11,22.8,3,Agile,0.523,20,1
11,46,1142.8,1,5.5,5,4,4,7,27.1,4,Agile,0.06,0,0
13,180,302.7,4,1.4,8,1,4,5,8.7,3,Agile,0.965,63,1
18,229,406.2,4,1.5,4,4,2,13,10.6,2,Hybrid,0.953,22,1
40,74,695.2,2,6.5,1,5,2,13,5.3,1,Agile,0.055,0,0
35,129,898.4,5,4.8,3,3,1,13,17.1,2,Waterfall,0.948,27,1
4,145,440.7,5,2.9,4,3,4,16,24.2,5,Agile,0.917,34,1
11,252,453.0,2,5.2,4,3,5,10,22.0,4,Agile,0.661,9,1
34,358,801.1,3,4.5,6,1,3,14,11.8,3,Agile,0.538,33,1
5,310,1542.3,1,1.7,2,4,3,14,5.3,1,Waterfall,0.247,0,0
35,93,620.5,1,6.8,6,2,4,17,12.1,5,Waterfall,0.229,0,0
13,36,405.5,2,5.9,2,3,5,16,23.0,4,Agile,0.415,0,0
37,47,348.8,2,3.7,2,1,5,2,8.8,1,Waterfall,0.784,49,1
14,230,559.6,2,6.5,6,5,1,13,0.0,2,Agile,0.021,0,0
19,82,879.1,1,12.2,2,2,3,20,9.1,1,Waterfall,0.006,0,0
28,107,1866.0,3,1.5,9,1,5,12,9.8,5,Agile,0.994,33,1
7,314,515.4,4,3.0,3,4,4,12,0.0,5,Waterfall,0.609,0,0
24,323,620.9,2,3.1,3,5,5,13,13.9,3,Waterfall,0.792,0,0
22,311,1250.0,3,6.4,3,3,5,12,16.0,1,Agile,0.133,0,0
32,115,689.8,2,2.2,6,1,1,9,26.9,4,Waterfall,0.93,33,1
40,238,662.8,4,6.1,1,5,4,20,1.3,2,Waterfall,0.169,0,0
28,235,1136.0,4,2.4,0,2,3,3,17.8,1,Agile,0.314,0,0
18,92,627.9,5,1.4,7,2,2,17,19.7,2,Waterfall,0.976,63,1
18,215,363.1,1,3.9,5,4,4,5,16.2,2,Waterfall,0.698,17,1
18,206,1027.1,5,2.4,3,2,1,5,3.9,1,Agile,0.403,24,1
33,163,257.7,2,4.2,3,1,3,13,3.5,4,Agile,0.834,26,1
15,282,946.3,1,4.9,5,4,3,14,12.8,2,Agile,0.189,0,0
9,257,597.7,4,0.8,4,2,2,19,12.7,3,Hybrid,0.855,24,1
15,208,518.1,1,2.6,7,5,4,7,7.5,3,Agile,0.571,0,0
3,273,511.7,1,3.9,5,1,5,2,22.3,4,Agile,0.256,15,1
7,286,558.6,5,6.5,8,5,5,6,8.8,4,Hybrid,0.534,26,1
6,220,482.3,2,6.0,4,4,4,12,0.0,3,Agile,0.194,0,0
32,119,737.1,3,1.8,2,2,2,8,10.2,5,Agile,0.043,0,0
30,284,490.5,2,3.2,6,3,5,6,15.8,3,Agile,0.895,48,1
29,271,212.2,1,5.1,3,5,5,19,14.7,1,Agile,0.346,0,0
20,360,599.8,1,3.1,4,1,5,12,14.7,5,Hybrid,0.524,0,0
30,80,205.5,1,2.0,4,5,5,14,24.0,4,Waterfall,0.974,19,1
9,170,598.0,3,3.5,4,3,5,16,3.1,3,Hybrid,0.563,14,1
37,340,477.7,3,4.8,5,5,4,9,8.6,2,Agile,0.792,6,1
22,202,913.7,1,1.7,3,2,4,15,24.4,5,Agile,0.423,9,1
38,346,528.4,2,5.5,5,4,4,20,0.0,3,Agile,0.543,0,0
8,34,851.9,2,4.1,3,5,4,15,11.6,2,Waterfall,0.23,0,0
21,41,806.7,3,5.7,2,2,2,7,21.8,4,Waterfall,0.131,0,0
29,297,817.1,5,3.5,3,1,5,16,21.7,2,Hybrid,0.995,49,1
21,150,1180.2,4,11.0,6,2,4,6,17.3,3,Agile,0.17,0,0
19,204,537.5,5,4.7,1,3,4,3,17.5,4,Hybrid,0.436,0,0
9,173,616.7,1,6.1,0,4,4,10,3.7,2,Waterfall,0.016,0,0
17,167,727.9,2,5.5,6,3,1,11,23.0,1,Waterfall,0.299,0,0
12,345,625.7,4,3.2,1,5,5,10,2.4,2,Waterfall,0.867,19,1
14,61,529.0,2,4.4,6,3,3,6,2.9,1,Waterfall,0.815,18,1
28,289,379.7,5,2.3,2,4,5,7,15.1,2,Agile,0.947,0,0
26,328,603.2,3,10.5,6,5,1,19,8.1,1,Hybrid,0.022,0,0
26,250,272.3,2,5.1,6,5,2,7,13.7,3,Hybrid,0.579,6,1
16,162,197.8,5,1.9,3,2,5,16,15.4,3,Agile,0.992,49,1
39,83,337.3,3,8.9,3,2,4,6,26.2,2,Waterfall,0.633,1,1
6,259,812.7,5,3.3,6,4,4,4,15.5,4,Agile,0.923,6,1
16,187,669.1,3,6.7,6,3,3,3,7.1,1,Agile,0.087,0,0
7,80,816.5,1,0.8,9,3,3,6,17.4,1,Agile,0.871,39,1
15,150,424.2,4,7.9,4,4,3,17,5.3,3,Agile,0.066,0,0
39,353,957.6,1,4.9,6,4,1,10,19.3,1,Waterfall,0.708,0,0
16,119,288.4,4,1.8,2,5,3,15,12.5,5,Waterfall,0.825,13,1
37,89,343.6,3,4.9,4,2,3,20,15.2,2,Hybrid,0.976,21,1
21,259,949.7,4,9.8,5,4,2,2,0.0,3,Agile,0.034,0,0
29,97,646.4,5,2.3,6,2,2,4,0.0,2,Hybrid,0.9,0,0
20,339,818.8,3,2.3,6,5,4,19,0.0,3,Waterfall,0.768,32,1
13,318,670.5,5,3.2,4,1,4,12,26.0,1,Agile,0.953,62,1
32,360,453.9,1,3.9,4,4,3,13,2.8,5,Waterfall,0.266,0,0
39,336,323.3,1,7.0,4,1,4,8,17.9,1,Hybrid,0.911,25,1
13,111,224.3,5,5.1,3,5,2,17,6.9,2,Waterfall,0.893,5,1
32,101,1300.4,3,3.2,3,5,3,14,10.1,5,Agile,0.025,0,0
12,145,252.7,3,4.5,2,5,3,6,11.6,3,Waterfall,0.377,0,0
30,187,1117.9,1,10.9,3,4,2,14,25.2,4,Waterfall,0.009,0,0
32,325,629.7,2,5.8,8,3,1,2,16.7,1,Waterfall,0.506,30,1
20,276,680.2,4,3.4,8,2,3,6,15.1,2,Agile,0.94,50,1
31,246,659.4,5,3.1,1,5,5,5,22.4,4,Hybrid,0.922,16,1
13,325,771.1,5,4.4,3,3,3,16,6.9,2,Hybrid,0.886,29,1
6,247,404.3,3,7.0,5,5,5,15,20.5,3,Agile,0.603,0,0
6,157,184.1,3,2.0,2,4,5,3,19.2,1,Agile,0.658,29,1
19,168,449.3,1,6.3,4,4,4,19,19.1,3,Agile,0.145,0,0
37,203,740.7,1,3.4,4,2,5,17,10.8,2,Waterfall,0.752,14,1
7,59,345.3,3,3.8,2,3,3,10,8.5,5,Hybrid,0.295,8,1
20,279,968.7,3,16.6,3,3,4,6,5.0,2,Agile,0.002,0,0
29,249,563.5,1,5.9,2,4,1,9,5.5,5,Agile,0.031,0,0
10,275,329.4,3,2.5,7,4,2,13,4.7,5,Waterfall,0.927,0,0
30,209,643.4,4,4.9,5,1,3,13,14.9,5,Waterfall,0.92,37,1
14,293,734.8,5,7.2,5,2,1,8,10.2,4,Agile,0.096,0,0
33,349,759.8,5,5.9,3,1,4,3,15.5,3,Hybrid,0.554,40,1
25,221,115.6,2,0.4,1,3,5,13,15.9,3,Agile,0.928,36,1
23,179,106.9,2,3.6,5,4,1,15,3.5,1,Agile,0.853,16,1
9,65,950.2,5,5.1,3,2,5,7,3.3,1,Agile,0.541,0,0
20,291,277.2,4,4.8,2,4,1,14,10.2,2,Agile,0.104,0,0
35,333,950.8,2,2.6,4,1,1,12,5.8,4,Waterfall,0.935,27,1
3,265,992.2,4,6.0,2,5,4,11,5.0,1,Waterfall,0.354,0,0
31,320,323.7,1,7.9,2,4,4,2,25.6,5,Agile,0.041,0,0
21,319,356.5,3,0.8,2,4,5,7,0.0,5,Waterfall,0.611,0,0
30,298,838.3,2,0.7,6,4,3,9,28.2,1,Waterfall,0.953,49,1
28,198,492.0,5,4.9,5,2,3,17,14.3,1,Agile,0.959,41,1
19,63,1061.5,1,6.3,4,5,1,17,19.9,5,Waterfall,0.039,0,0
14,31,1201.4,5,2.3,3,4,4,18,18.9,1,Hybrid,0.763,36,1
26,98,329.2,2,0.4,8,1,5,10,16.9,1,Hybrid,0.995,47,1
8,174,400.4,1,3.7,2,5,3,8,25.3,1,Hybrid,0.119,0,0
25,279,627.7,4,4.9,3,4,5,11,3.3,4,Hybrid,0.878,33,1
6,183,181.4,4,3.0,8,2,2,17,10.7,1,Waterfall,0.994,57,1
27,37,227.7,1,7.3,5,5,5,13,5.2,1,Agile,0.144,0,0
26,100,378.0,1,4.6,5,2,3,13,0.0,2,Agile,0.165,0,0
6,359,1398.2,1,2.1,4,4,1,10,6.7,4,Waterfall,0.193,0,0
31,361,673.5,3,2.3,5,4,2,15,27.0,5,Hybrid,0.638,22,1
18,156,432.7,1,3.7,4,5,3,18,10.6,2,Waterfall,0.336,24,1
32,300,355.1,4,2.8,6,3,1,14,27.9,2,Agile,0.778,0,0
4,271,321.8,1,0.7,10,5,5,9,28.7,3,Agile,0.773,31,1
9,342,448.3,4,4.4,5,2,2,17,36.0,3,Hybrid,0.902,27,1
21,328,435.8,5,2.4,3,5,4,19,27.2,4,Agile,0.819,0,0
10,241,534.9,4,2.7,3,2,5,17,30.9,2,Agile,0.994,37,1
15,162,751.4,5,1.5,3,5,3,18,14.6,4,Waterfall,0.898,23,1
28,240,574.9,5,10.0,4,4,4,7,13.8,5,Agile,0.031,0,0
8,137,862.0,1,5.7,1,4,3,10,14.4,4,Agile,0.002,0,0
28,146,516.5,2,11.6,3,1,4,6,12.0,4,Agile,0.037,0,0
6,234,1245.4,4,3.0,6,3,1,8,13.2,1,Agile,0.42,19,1
9,221,852.1,2,5.9,2,1,2,15,18.0,5,Waterfall,0.344,1,1
25,225,664.8,4,4.4,2,5,4,14,8.3,4,Waterfall,0.584,8,1
33,159,752.6,4,2.2,1,2,1,2,1.0,4,Hybrid,0.087,0,0
9,167,454.2,5,2.9,6,5,5,16,14.9,1,Waterfall,0.943,78,1
14,33,530.7,2,5.6,4,5,4,5,6.5,3,Agile,0.026,0,0
38,232,520.9,2,1.5,2,1,1,5,7.3,4,Agile,0.563,27,1
40,223,407.8,1,7.4,1,4,1,12,10.9,4,Hybrid,0.01,0,0
25,344,294.5,2,4.2,4,2,1,6,9.0,1,Waterfall,0.785,47,1
19,199,772.0,2,6.7,7,1,4,20,20.9,1,Waterfall,0.598,27,1
16,187,926.4,3,4.9,3,2,3,4,10.7,3,Hybrid,0.246,0,0
26,52,720.5,3,0.8,4,3,3,4,21.3,4,Agile,0.694,36,1
25,96,574.1,5,3.6,2,5,3,16,13.6,2,Agile,0.858,7,1
14,143,1512.6,4,7.5,4,4,3,7,11.3,4,Agile,0.051,0,0
3,156,430.1,4,4.1,3,2,2,15,13.3,5,Agile,0.167,0,0
8,151,675.6,1,3.7,5,2,1,14,1.7,5,Hybrid,0.313,1,1
39,162,989.6,3,4.1,6,2,1,5,14.7,4,Agile,0.295,0,0
18,288,338.6,4,0.6,4,4,4,13,18.8,4,Hybrid,0.976,28,1
21,74,800.0,2,8.0,3,3,4,12,19.9,1,Hybrid,0.084,0,0
20,141,1284.7,3,0.3,1,1,2,3,1.2,1,Agile,0.564,3,1
32,84,597.1,4,9.1,1,1,2,16,0.0,4,Agile,0.029,0,0
5,133,647.0,4,2.8,1,1,3,18,7.7,5,Agile,0.439,0,0
6,260,431.3,5,5.1,2,5,4,19,23.1,1,Hybrid,0.891,0,0
13,45,748.6,3,0.6,5,3,3,3,13.8,3,Agile,0.444,21,1
21,144,402.9,2,6.3,5,3,3,5,5.8,2,Waterfall,0.308,9,1
28,37,580.2,2,5.6,2,4,1,17,0.4,1,Hybrid,0.154,3,1
21,350,276.3,4,5.4,0,1,3,7,6.5,2,Agile,0.325,0,0
19,274,140.1,3,0.5,7,1,4,13,6.0,3,Hybrid,0.964,57,1
38,111,473.8,3,1.9,6,2,3,8,19.5,4,Agile,0.913,16,1
9,96,470.1,1,4.9,2,2,5,6,20.1,5,Agile,0.056,0,0
24,63,493.7,3,7.8,5,4,4,13,3.6,5,Agile,0.075,0,0
23,188,839.9,2,1.7,3,5,5,5,18.0,1,Agile,0.626,0,0
20,283,938.8,3,1.7,3,4,3,4,17.2,5,Waterfall,0.638,13,1
33,226,689.0,5,4.7,3,5,3,12,2.6,3,Agile,0.367,1,1
13,326,812.2,4,15.7,1,3,3,5,11.3,1,Agile,0.001,0,0
39,145,408.6,3,2.2,4,2,2,5,14.7,4,Hybrid,0.698,30,1
15,123,361.0,5,2.8,3,2,3,16,13.3,1,Waterfall,0.985,51,1
23,190,755.8,5,2.4,1,1,1,12,0.0,3,Waterfall,0.82,28,1
22,97,336.4,3,3.4,3,5,3,12,13.0,5,Agile,0.151,0,0
35,357,317.9,4,8.3,4,4,1,4,17.1,5,Waterfall,0.097,0,0
19,92,1896.7,2,3.5,4,4,3,5,24.6,2,Waterfall,0.587,0,0
13,190,615.6,5,16.6,3,2,5,9,6.6,1,Agile,0.018,0,0
3,205,470.2,2,4.0,4,4,3,9,7.6,3,Agile,0.241,0,0
16,49,444.4,2,8.8,2,2,4,10,10.3,1,Agile,0.168,1,1
34,187,280.3,1,2.9,8,3,3,4,14.3,5,Agile,0.531,24,1
3,182,682.2,5,1.2,7,4,5,19,12.8,2,Hybrid,0.992,49,1
37,117,515.9,2,3.5,3,5,2,8,16.8,1,Agile,0.345,0,0
23,72,926.2,5,5.4,4,3,5,17,3.0,2,Agile,0.715,35,1
8,45,766.9,1,2.0,4,4,4,9,15.2,2,Waterfall,0.105,0,0
14,32,507.5,3,7.9,3,3,5,10,6.1,4,Hybrid,0.054,0,0
24,191,205.1,3,2.5,4,3,1,4,10.9,5,Hybrid,0.327,36,1
14,60,616.4,3,1.5,3,5,5,14,25.7,4,Waterfall,0.694,0,0
7,352,590.2,1,14.6,6,5,5,3,0.8,4,Agile,0.001,0,0
28,112,184.1,1,1.9,1,2,2,16,9.8,2,Agile,0.588,19,1
28,249,725.5,2,2.5,4,5,4,18,1.8,5,Agile,0.323,0,0
7,256,330.7,3,6.0,6,3,3,8,13.2,5,Agile,0.145,0,0
13,196,949.0,4,2.9,4,4,1,18,20.4,4,Waterfall,0.666,5,1
12,326,573.1,3,1.6,1,3,3,15,13.4,4,Agile,0.841,2,1
28,67,438.3,2,2.3,0,4,4,2,11.1,2,Hybrid,0.337,0,0
30,108,658.0,2,12.1,4,5,2,5,22.6,3,Waterfall,0.006,0,0
30,114,638.8,4,5.5,4,3,2,14,14.6,5,Waterfall,0.328,7,1
38,75,627.6,3,6.3,3,4,3,15,18.6,3,Waterfall,0.46,15,1
32,129,890.0,5,4.5,1,3,5,3,17.7,4,Hybrid,0.476,28,1
15,135,677.1,3,5.1,8,4,1,15,0.0,5,Waterfall,0.063,0,0
7,286,419.4,3,2.7,2,1,5,17,11.4,5,Waterfall,0.625,43,1
26,131,523.5,1,4.1,3,4,5,3,3.4,2,Agile,0.398,14,1
37,324,1108.5,1,0.5,5,3,5,18,5.4,3,Agile,0.925,28,1
40,289,401.1,5,7.1,4,3,1,12,23.8,2,Agile,0.868,12,1
11,332,719.9,2,2.7,3,2,3,13,9.0,3,Hybrid,0.575,16,1
11,65,905.4,3,1.3,2,4,2,2,27.1,4,Waterfall,0.164,0,0
4,360,752.9,3,4.3,4,2,5,13,0.7,2,Agile,0.451,0,0
8,236,618.2,1,3.2,4,1,4,10,3.3,2,Agile,0.115,0,0
24,360,664.1,3,7.0,7,5,4,9,18.1,2,Waterfall,0.295,0,0
23,149,775.4,2,3.6,6,3,1,16,9.3,4,Hybrid,0.358,0,0
17,350,398.8,1,2.2,6,1,5,6,14.5,5,Agile,0.856,27,1
14,227,592.0,3,3.6,2,2,3,3,11.1,1,Waterfall,0.948,20,1
34,54,1508.4,3,9.5,1,5,1,11,10.9,5,Waterfall,0.004,0,0
20,167,730.4,1,7.1,3,2,5,16,9.6,1,Waterfall,0.117,14,1
33,76,628.6,3,5.5,6,2,5,4,13.4,3,Hybrid,0.757,40,1
39,346,498.4,4,7.3,5,3,3,20,17.1,1,Waterfall,0.873,48,1
15,132,401.0,2,5.8,5,1,4,14,24.9,5,Hybrid,0.435,15,1
10,104,674.6,5,1.8,5,3,4,19,10.4,4,Waterfall,0.962,32,1
39,215,696.8,4,6.4,6,1,2,10,8.9,2,Hybrid,0.556,19,1
27,172,573.2,4,7.9,3,5,4,4,7.8,4,Hybrid,0.136,0,0
14,62,1799.6,1,8.2,3,3,5,5,23.8,5,Waterfall,0.078,0,0
26,304,418.1,4,1.4,6,2,5,11,17.5,2,Waterfall,0.999,68,1
22,314,371.2,2,2.5,5,3,4,13,0.0,4,Hybrid,0.833,21,1
37,279,501.8,4,2.2,4,1,2,15,0.0,2,Waterfall,0.989,62,1
12,237,582.0,5,2.9,5,2,5,17,5.4,4,Waterfall,0.952,32,1
40,165,390.9,2,5.1,2,1,5,16,13.8,3,Hybrid,0.748,21,1
38,212,667.0,2,4.2,2,4,1,13,11.7,4,Hybrid,0.403,1,1
9,205,701.1,1,4.2,4,5,2,2,16.1,4,Agile,0.005,0,0
9,85,818.4,4,1.1,6,3,3,12,10.6,4,Hybrid,0.716,0,0
23,57,463.4,4,2.4,1,1,3,17,23.2,1,Agile,0.965,32,1
4,115,1064.8,3,8.6,4,1,4,18,18.2,5,Agile,0.06,0,0
14,182,792.7,1,7.9,0,5,3,17,12.6,1,Waterfall,0.018,0,0
19,83,414.0,2,3.5,2,2,1,2,21.2,2,Agile,0.177,1,1
39,65,390.0,3,6.4,3,2,1,10,0.0,3,Agile,0.185,0,0
40,316,518.3,5,4.8,4,1,4,13,11.3,5,Agile,0.948,34,1
8,155,702.0,1,6.9,4,4,4,6,13.1,4,Hybrid,0.081,0,0
36,226,750.1,2,6.6,5,1,4,9,16.8,1,Agile,0.601,13,1
6,206,792.0,4,3.7,4,5,3,3,0.0,2,Agile,0.401,2,1
31,277,1461.9,2,5.6,3,2,2,5,9.9,1,Agile,0.177,0,0
35,278,219.7,5,5.0,4,1,2,2,15.2,3,Waterfall,0.969,51,1
36,129,236.2,5,3.8,1,4,4,20,15.8,4,Waterfall,0.754,55,1
11,314,565.8,2,3.2,3,2,3,18,21.5,4,Hybrid,0.89,22,1
36,154,1403.4,4,11.0,3,4,1,9,18.1,4,Agile,0.007,0,0
7,310,836.0,4,3.8,0,1,2,2,11.5,4,Agile,0.011,0,0
22,166,360.0,4,6.1,6,5,5,8,17.4,5,Agile,0.801,10,1
20,67,651.2,1,10.5,5,2,3,10,10.4,5,Hybrid,0.012,0,0
15,285,549.8,1,5.6,2,4,5,5,13.2,2,Agile,0.067,0,0
3,40,540.5,2,5.4,1,5,3,14,18.4,2,Waterfall,0.045,0,0
32,289,459.1,1,3.8,4,3,3,20,11.6,1,Agile,0.726,7,1
15,44,626.5,2,5.1,4,2,5,18,14.9,2,Agile,0.218,0,0
28,99,972.5,4,3.0,5,2,3,18,19.7,3,Waterfall,0.86,18,1
18,232,479.1,3,18.0,4,4,1,17,17.7,4,Agile,0.0,0,0
17,346,794.8,2,1.1,4,1,3,3,21.9,5,Waterfall,0.733,38,1
36,167,859.7,1,3.4,2,1,4,12,30.6,3,Waterfall,0.592,28,1
6,70,1060.7,2,5.6,4,4,2,12,17.6,5,Hybrid,0.093,0,0
30,108,386.8,3,5.4,1,1,3,3,8.3,3,Hybrid,0.505,31,1
31,331,603.2,4,3.0,8,2,5,4,16.1,5,Agile,0.957,35,1
17,274,433.8,2,0.8,5,4,3,12,15.8,5,Waterfall,0.887,7,1
12,63,627.1,2,1.3,3,2,2,15,16.9,3,Hybrid,0.505,19,1
3,159,625.1,3,4.4,6,5,1,5,24.0,5,Agile,0.019,0,0
38,118,340.8,1,0.5,3,5,3,11,0.0,5,Hybrid,0.83,3,1
39,89,644.5,2,5.9,6,1,4,3,24.1,2,Waterfall,0.932,36,1
12,314,1497.0,1,8.4,4,1,2,4,26.8,2,Waterfall,0.379,0,0
4,237,751.4,3,6.6,3,5,3,13,16.5,1,Agile,0.176,0,0
7,90,307.0,3,7.5,6,1,4,12,16.7,5,Hybrid,0.374,0,0
5,248,375.1,3,0.6,5,3,5,16,10.1,3,Waterfall,0.775,0,0
34,168,588.8,4,3.1,2,5,5,19,12.1,3,Waterfall,0.668,15,1
36,50,379.4,2,1.6,8,3,2,5,17.6,2,Agile,0.929,46,1
8,181,1034.1,5,0.9,4,2,1,8,17.1,2,Hybrid,0.823,25,1
31,92,289.0,5,2.6,0,1,4,18,17.8,3,Agile,0.891,53,1
9,112,753.9,1,10.3,2,2,2,2,17.0,3,Hybrid,0.0,0,0
16,325,259.2,5,12.2,4,3,2,17,19.2,1,Agile,0.18,0,0
25,268,584.4,1,1.8,6,1,1,19,18.3,4,Hybrid,0.535,16,1
30,75,352.8,2,4.0,1,3,4,3,3.8,2,Agile,0.163,0,0
36,316,817.6,3,5.1,7,3,1,4,18.7,2,Waterfall,0.865,24,1
4,222,953.6,1,3.1,7,2,2,15,26.9,1,Agile,0.322,0,0
10,323,701.0,2,8.8,5,5,3,11,11.8,1,Agile,0.016,1,1
13,281,974.0,1,2.7,5,5,1,20,24.0,2,Agile,0.198,0,0
14,144,160.8,3,2.3,1,4,4,12,4.7,4,Waterfall,0.858,30,1
40,209,640.7,5,1.9,5,3,4,14,11.8,5,Agile,0.884,29,1
32,208,748.9,5,3.1,0,3,3,6,6.9,5,Hybrid,0.797,20,1
15,271,793.9,2,0.2,2,1,1,8,23.0,2,Agile,0.263,0,0
39,113,221.9,3,3.2,5,2,1,5,25.1,4,Hybrid,0.502,21,1
21,141,728.5,3,4.2,6,1,1,4,11.2,2,Agile,0.161,0,0
22,112,802.0,3,4.4,3,2,4,4,21.4,1,Waterfall,0.373,0,0
19,129,637.3,4,1.6,4,3,4,18,25.2,3,Waterfall,0.972,59,1
8,84,308.5,5,4.3,4,4,4,3,11.7,4,Agile,0.292,0,0
38,42,457.5,3,4.3,1,2,5,11,13.0,4,Waterfall,0.441,0,0
3,345,1036.6,1,4.3,4,2,2,11,17.9,1,Agile,0.261,0,0
9,54,982.3,5,6.7,1,4,1,3,5.3,4,Agile,0.027,0,0
11,328,742.5,5,1.5,3,1,2,17,12.9,2,Agile,0.969,30,1
13,31,825.6,2,3.2,3,1,4,11,29.1,2,Hybrid,0.844,34,1
8,291,928.7,3,0.7,3,4,4,4,8.0,1,Hybrid,0.506,0,0
3,140,738.5,5,6.3,5,3,3,4,18.8,2,Agile,0.405,0,0
28,203,1022.8,3,1.7,7,5,1,15,16.2,3,Waterfall,0.82,0,0
39,124,1007.0,3,7.4,2,4,4,13,10.7,1,Waterfall,0.222,18,1
7,194,1719.2,5,7.6,1,5,5,9,13.8,2,Agile,0.086,0,0
14,181,466.8,5,3.4,6,4,2,9,26.0,3,Agile,0.505,0,0
22,207,470.9,3,3.3,5,5,5,2,16.4,1,Agile,0.609,0,0
38,162,126.9,1,1.0,4,1,4,2,17.7,5,Agile,0.881,46,1
29,210,713.1,3,3.9,3,3,5,12,24.8,2,Agile,0.928,17,1
32,307,1364.2,4,6.7,3,5,4,8,9.7,4,Waterfall,0.401,0,0
25,176,1060.4,2,4.7,5,4,1,6,3.6,4,Waterfall,0.174,0,0
18,151,873.2,3,9.5,4,3,4,9,26.1,4,Agile,0.042,0,0
10,74,1094.3,4,2.9,3,5,1,13,13.1,2,Hybrid,0.244,9,1
35,150,755.2,1,2.9,8,2,2,7,19.1,1,Agile,0.38,0,0
33,72,521.3,3,1.8,2,1,5,8,5.9,1,Agile,0.821,16,1
3,91,1523.8,4,13.7,4,4,5,7,15.1,2,Agile,0.004,0,0
30,349,729.5,2,1.0,0,3,3,14,3.2,3,Agile,0.559,0,0
6,60,996.8,3,6.3,6,1,2,3,12.5,4,Waterfall,0.476,19,1
31,191,160.2,4,6.8,5,2,2,19,6.8,4,Waterfall,0.883,18,1
34,310,177.1,1,6.6,1,1,2,12,5.0,5,Waterfall,0.459,6,1
7,350,650.1,4,2.0,5,5,3,6,9.6,5,Waterfall,0.678,17,1
19,79,379.4,2,3.4,2,5,3,16,0.0,2,Waterfall,0.202,36,1
7,84,678.3,2,5.7,5,5,1,19,2.7,3,Agile,0.024,0,0
24,155,470.6,4,2.3,5,1,4,3,18.3,5,Waterfall,0.906,46,1
38,216,1839.3,1,3.0,6,5,4,5,14.8,4,Waterfall,0.564,0,0
6,352,959.9,1,2.4,4,3,4,4,3.4,3,Waterfall,0.325,0,0
18,99,1143.8,3,4.1,3,2,5,3,16.4,5,Waterfall,0.432,0,0
39,85,195.7,5,3.9,5,4,4,16,5.0,1,Waterfall,0.99,40,1
14,115,867.7,1,10.6,6,5,4,5,17.8,4,Waterfall,0.007,0,0
8,323,550.9,4,5.8,5,3,2,9,11.1,5,Waterfall,0.651,9,1
21,40,1154.1,1,1.3,6,1,3,17,9.4,3,Hybrid,0.485,34,1
22,157,809.2,3,1.4,3,5,3,13,11.3,4,Waterfall,0.635,10,1
28,69,589.4,3,6.4,5,1,5,14,32.5,1,Waterfall,0.938,43,1
14,82,325.0,3,3.9,4,1,3,3,5.9,4,Agile,0.672,0,0
39,338,644.2,1,13.2,4,4,4,20,13.8,2,Waterfall,0.013,0,0
22,30,1025.6,4,13.1,6,4,3,3,18.3,5,Agile,0.001,0,0
13,138,1185.4,2,1.8,6,4,1,15,4.3,2,Agile,0.468,0,0
39,337,504.9,4,4.8,6,5,5,14,0.0,2,Hybrid,0.854,36,1
38,234,1694.9,4,1.4,5,5,4,9,7.2,2,Hybrid,0.816,15,1
21,54,988.2,3,6.3,5,1,2,17,18.1,4,Agile,0.109,0,0
3,186,383.3,2,11.6,8,2,1,18,9.3,5,Waterfall,0.098,0,0
25,356,340.6,4,4.3,4,4,5,3,10.2,2,Agile,0.831,0,0
24,164,567.7,5,2.8,5,2,2,20,19.3,2,Waterfall,0.982,56,1
8,207,504.3,5,5.2,4,4,1,6,5.5,4,Agile,0.057,0,0
27,208,758.0,5,7.3,2,3,4,17,11.3,3,Waterfall,0.723,25,1
34,251,612.3,2,7.3,2,3,1,17,0.0,3,Agile,0.016,0,0
7,92,525.1,3,2.8,7,1,2,12,14.6,5,Waterfall,0.671,26,1
30,312,266.8,2,2.3,9,4,5,18,13.8,3,Agile,0.861,48,1
8,362,820.8,5,4.6,4,5,1,17,18.4,4,Waterfall,0.417,10,1
31,77,255.2,5,3.0,5,5,4,11,2.8,5,Agile,0.889,22,1
18,304,989.8,5,8.8,4,2,4,5,10.5,2,Agile,0.318,5,1
3,304,207.2,1,2.9,8,4,2,10,1.8,5,Agile,0.206,0,0
39,279,247.7,2,4.1,4,1,2,19,10.0,5,Waterfall,0.832,37,1
9,154,382.4,4,5.1,3,4,3,5,23.9,3,Waterfall,0.595,24,1
25,187,482.6,4,1.1,8,3,3,20,9.4,2,Hybrid,0.988,51,1
9,311,434.9,2,2.5,5,5,5,5,1.1,1,Agile,0.648,9,1
38,81,481.6,1,12.8,4,4,2,14,6.6,1,Agile,0.003,0,0
31,308,684.8,1,7.1,6,1,3,14,0.0,5,Agile,0.14,0,0
33,339,386.9,4,2.9,3,5,4,5,1.6,3,Agile,0.228,0,0
19,259,687.8,3,6.4,7,4,1,10,17.4,4,Agile,0.208,0,0
20,144,161.3,3,8.7,4,2,5,4,0.4,2,Waterfall,0.323,0,0
27,217,379.7,5,3.3,3,2,5,8,14.5,2,Agile,0.982,45,1
32,46,241.6,1,6.8,3,1,1,20,12.2,5,Agile,0.008,0,0
35,343,984.4,4,6.2,6,2,2,3,7.7,4,Waterfall,0.882,1,1
3,145,412.6,2,1.4,5,5,4,18,13.8,2,Agile,0.224,0,0
28,49,796.7,5,3.3,1,5,5,14,4.5,1,Waterfall,0.613,38,1
7,296,219.9,5,10.8,6,3,1,16,18.7,5,Waterfall,0.304,0,0
13,250,1176.1,3,12.5,4,2,5,7,6.4,1,Hybrid,0.097,0,0
34,239,629.5,2,7.1,3,2,2,20,8.9,1,Hybrid,0.32,0,0
12,48,1454.2,2,2.4,3,5,2,6,8.0,2,Waterfall,0.397,1,1
33,282,595.2,1,0.4,4,1,2,11,17.5,5,Agile,0.465,0,0
20,244,268.4,5,2.1,3,4,4,2,16.4,4,Waterfall,0.892,36,1
11,296,356.3,1,1.2,3,5,2,18,0.0,1,Agile,0.305,7,1
15,307,533.2,3,11.3,5,5,3,15,14.0,5,Agile,0.008,0,0
23,101,363.2,3,0.7,2,4,1,5,0.0,5,Agile,0.04,0,0
32,100,938.4,4,1.4,3,5,1,14,9.3,4,Agile,0.284,1,1
26,340,620.4,5,4.5,4,2,4,5,11.1,1,Agile,0.881,44,1
38,208,365.5,3,3.9,5,5,2,10,9.2,1,Hybrid,0.895,19,1
35,177,870.5,4,10.4,3,1,4,11,16.0,5,Waterfall,0.074,1,1
31,126,498.9,3,5.9,7,1,4,19,17.8,5,Waterfall,0.819,41,1
25,244,851.8,3,3.5,4,1,5,8,5.8,5,Agile,0.82,25,1
14,283,460.2,1,8.9,2,4,1,2,5.5,3,Agile,0.005,0,0
18,30,770.5,2,2.8,3,2,5,10,11.7,3,Waterfall,0.783,10,1
7,215,490.3,3,11.0,4,4,5,19,0.0,1,Agile,0.106,0,0
17,363,938.5,1,1.9,4,1,3,17,8.2,1,Agile,0.752,18,1
38,124,222.4,2,3.8,8,4,1,3,22.8,2,Agile,0.927,30,1
19,124,311.8,3,0.5,6,2,1,3,0.0,4,Hybrid,0.847,34,1
7,325,556.8,3,7.3,1,3,3,16,9.3,3,Agile,0.026,0,0
27,50,421.8,5,4.4,1,1,1,15,7.3,4,Agile,0.612,0,0
39,163,482.9,5,11.0,3,5,1,12,28.0,3,Agile,0.028,0,0
35,183,812.9,4,3.2,2,2,3,3,7.7,3,Waterfall,0.75,15,1
13,298,477.9,1,1.0,11,4,3,7,8.2,5,Agile,0.762,29,1
20,73,699.6,3,5.4,5,3,5,18,3.8,4,Hybrid,0.304,0,0
23,175,378.3,4,2.5,7,3,5,4,12.1,5,Hybrid,0.9,36,1
12,81,198.5,3,6.6,4,3,2,5,14.2,5,Hybrid,0.247,0,0
13,294,849.2,3,1.9,10,1,2,10,4.9,4,Agile,0.753,12,1
11,242,1304.1,3,9.7,10,5,1,15,19.9,5,Agile,0.058,0,0
40,196,664.8,3,4.1,4,4,2,17,14.2,2,Waterfall,0.546,0,0
31,162,571.7,3,3.5,8,2,3,13,18.8,3,Hybrid,0.846,52,1
34,81,631.3,1,9.3,3,1,5,11,9.4,1,Agile,0.5,1,1
34,339,1098.2,3,7.4,3,5,5,9,13.9,1,Waterfall,0.121,0,0
39,247,668.7,2,2.2,3,2,5,2,10.3,1,Hybrid,0.902,31,1
7,137,869.0,4,7.3,6,5,3,7,23.7,1,Agile,0.535,0,0
36,169,850.6,5,6.3,7,4,4,6,12.9,3,Hybrid,0.76,23,1
5,273,976.5,3,3.6,6,5,4,3,12.1,4,Agile,0.467,0,0
21,271,565.7,2,6.9,8,4,2,16,8.3,5,Hybrid,0.314,1,1
25,184,457.1,5,9.7,6,1,3,8,7.9,5,Agile,0.283,0,0
16,131,774.6,4,3.7,1,1,3,11,13.9,1,Agile,0.57,12,1
8,251,943.6,3,3.7,7,2,2,5,18.6,3,Agile,0.084,0,0
10,251,1029.1,1,3.6,8,3,3,13,6.5,3,Waterfall,0.494,0,0
34,231,1163.1,1,2.1,6,4,3,4,13.0,1,Waterfall,0.747,2,1
15,54,903.1,2,3.7,5,5,1,14,13.5,1,Hybrid,0.256,0,0
14,188,444.7,2,3.4,3,1,4,16,14.9,2,Hybrid,0.982,21,1
38,236,664.5,4,3.2,3,4,5,7,0.0,5,Hybrid,0.736,0,0
8,349,636.3,3,3.2,6,1,4,6,4.6,2,Waterfall,0.961,17,1
37,206,603.2,5,1.4,4,3,5,16,1.1,2,Waterfall,0.997,61,1
37,145,775.4,3,7.9,5,1,3,6,12.3,5,Hybrid,0.371,0,0
25,216,540.5,5,2.5,8,2,1,5,4.8,2,Waterfall,0.97,46,1
9,89,540.8,3,10.1,2,4,2,8,8.0,4,Agile,0.004,0,0
8,60,1342.6,2,1.7,3,4,5,20,2.4,5,Waterfall,0.384,0,0
13,257,580.1,4,11.6,4,5,1,10,8.8,1,Hybrid,0.044,0,0
24,361,973.1,3,3.0,5,3,3,6,3.0,3,Agile,0.424,0,0
8,314,1000.1,2,7.3,3,2,1,11,18.1,2,Waterfall,0.175,0,0
20,226,673.3,3,4.3,4,5,2,8,15.8,1,Agile,0.122,0,0
7,43,551.3,4,1.3,4,5,1,14,13.2,1,Waterfall,0.793,0,0
23,361,386.1,2,1.3,4,5,1,10,9.6,4,Agile,0.696,15,1
3,181,253.3,4,2.3,3,4,1,13,0.0,4,Agile,0.287,0,0
29,127,802.0,5,2.8,7,4,3,10,8.3,3,Agile,0.969,29,1
5,329,725.6,3,3.8,2,1,4,11,5.9,4,Agile,0.371,1,1
10,280,858.6,2,5.0,2,3,2,10,14.0,4,Waterfall,0.093,0,0
9,281,471.6,3,3.4,1,3,5,9,17.0,1,Waterfall,0.859,32,1
34,123,1408.5,5,4.8,2,2,2,20,14.6,1,Hybrid,0.623,18,1
5,363,756.4,1,5.4,3,1,4,7,22.1,2,Agile,0.032,0,0
19,182,569.5,5,3.3,4,2,3,17,7.5,3,Agile,0.929,28,1
25,208,192.2,3,6.2,5,5,4,15,7.1,5,Agile,0.766,28,1
22,282,497.9,5,7.2,7,5,5,12,20.3,5,Hybrid,0.788,8,1
28,251,878.1,4,5.5,6,4,5,8,13.3,5,Agile,0.569,22,1
33,87,1148.6,4,5.7,3,1,3,11,10.0,2,Waterfall,0.616,0,0
17,131,613.3,5,4.5,4,4,5,18,26.8,3,Agile,0.931,43,1
34,151,1238.6,1,8.4,4,1,4,5,16.6,1,Agile,0.106,0,0
15,348,371.5,3,3.9,0,4,2,13,10.5,3,Agile,0.224,0,0
40,270,736.1,1,2.3,2,1,5,16,6.5,1,Hybrid,0.643,45,1
22,153,746.1,2,4.0,3,2,1,14,22.6,5,Agile,0.063,0,0
30,276,805.0,1,1.3,2,1,3,4,13.7,3,Hybrid,0.682,25,1
36,278,654.2,4,1.1,5,5,1,11,12.2,4,Agile,0.822,34,1
33,162,716.9,4,7.2,1,3,4,5,17.4,1,Agile,0.502,0,0
35,165,367.0,4,10.2,3,5,5,19,19.0,5,Agile,0.023,0,0
23,330,1095.8,1,3.0,3,1,5,8,16.4,3,Agile,0.165,0,0
4,218,927.5,2,7.3,2,4,1,10,19.1,1,Waterfall,0.079,0,0
21,80,703.5,4,0.6,4,3,2,18,15.6,2,Agile,0.74,22,1
9,271,937.9,5,5.5,5,3,2,10,16.4,2,Waterfall,0.841,0,0
36,228,1112.6,5,3.9,4,5,1,5,6.1,1,Waterfall,0.258,9,1
11,201,799.5,1,11.3,5,1,3,18,26.5,1,Hybrid,0.074,0,0
11,273,1482.2,3,3.5,4,5,1,14,2.1,4,Waterfall,0.145,0,0
12,334,831.3,1,1.6,2,1,4,13,14.5,5,Hybrid,0.563,1,1
27,141,395.9,5,1.0,3,2,3,3,1.3,4,Agile,0.687,20,1
24,170,686.6,1,4.0,4,1,3,10,11.2,4,Agile,0.036,0,0
39,93,955.4,5,4.5,3,3,5,10,7.4,1,Hybrid,0.905,29,1
18,247,1113.1,1,3.3,3,3,4,6,13.1,1,Agile,0.373,0,0
13,165,660.9,1,7.4,1,4,2,12,14.7,1,Hybrid,0.057,0,0
4,145,380.4,5,9.5,2,4,3,6,4.3,5,Waterfall,0.045,0,0
3,264,545.5,3,3.0,2,4,5,10,11.8,4,Agile,0.494,10,1
17,167,299.5,3,0.7,4,5,5,17,23.1,5,Agile,0.886,36,1
38,186,872.1,4,4.9,6,3,4,15,1.5,5,Agile,0.823,1,1
22,177,494.9,2,8.5,12,1,1,7,5.2,2,Agile,0.4,0,0
36,116,427.1,4,3.0,2,1,3,5,18.9,3,Agile,0.435,33,1
6,72,912.8,3,5.7,4,2,5,2,12.6,4,Waterfall,0.331,9,1
6,307,1226.6,2,1.5,2,4,1,8,13.2,4,Waterfall,0.192,0,0
34,60,426.2,2,4.8,0,1,3,2,20.2,4,Hybrid,0.398,0,0
7,139,663.0,1,5.8,4,5,3,4,5.6,3,Agile,0.003,0,0
4,254,556.6,2,4.9,4,5,2,20,7.8,1,Agile,0.092,0,0
18,74,1137.8,3,13.3,6,1,2,18,6.9,5,Agile,0.017,0,0
38,250,587.9,1,10.1,1,4,5,12,9.2,4,Hybrid,0.022,0,0
29,276,362.6,1,6.5,4,3,3,16,22.7,5,Hybrid,0.183,0,0
6,252,601.5,4,8.0,4,3,5,11,0.0,2,Waterfall,0.867,0,0
34,132,1024.8,3,4.7,3,4,3,13,2.4,1,Hybrid,0.171,22,1
35,36,540.8,1,3.8,1,3,5,19,1.1,5,Waterfall,0.627,0,0
33,328,448.5,4,2.8,2,2,4,3,23.2,5,Agile,0.893,13,1
37,139,575.1,4,1.5,3,3,5,8,7.1,5,Hybrid,0.862,34,1
12,300,368.4,1,10.4,6,1,2,4,9.4,3,Waterfall,0.092,0,0
40,96,556.3,2,13.6,5,2,2,17,0.0,5,Waterfall,0.018,0,0
15,84,465.3,2,4.0,2,5,1,17,9.9,2,Agile,0.083,0,0
33,291,1613.2,4,4.1,5,1,2,15,18.9,4,Hybrid,0.587,25,1
25,345,215.1,1,6.0,4,3,1,13,14.0,3,Waterfall,0.256,1,1
32,319,395.1,5,3.5,3,2,1,11,11.1,1,Agile,0.815,0,0
26,282,448.3,2,1.7,7,3,2,2,0.0,4,Agile,0.506,2,1
27,112,369.7,1,1.2,4,2,5,16,9.4,2,Agile,0.84,38,1
26,336,739.6,5,13.3,5,3,2,18,13.2,1,Agile,0.011,0,0
32,254,422.4,1,0.8,1,3,5,20,4.1,4,Agile,0.669,21,1
31,87,283.2,1,5.0,9,4,5,8,17.2,4,Agile,0.485,0,0
8,73,634.8,5,1.0,2,2,5,5,19.1,2,Agile,0.607,37,1
34,322,525.7,3,3.6,3,3,3,14,7.8,5,Hybrid,0.504,0,0
23,122,432.3,3,3.0,2,4,5,2,17.8,4,Hybrid,0.49,15,1
15,287,1124.1,4,1.1,5,4,3,3,11.1,1,Waterfall,0.964,45,1
22,76,751.5,4,6.1,4,3,4,17,21.2,2,Agile,0.388,0,0
39,124,711.8,4,1.6,1,2,5,20,28.3,5,Agile,0.937,33,1
35,125,759.4,1,1.0,2,3,1,9,3.3,1,Waterfall,0.806,8,1
34,124,741.0,3,6.6,5,3,1,11,18.2,5,Agile,0.05,0,0
20,256,538.8,2,3.0,1,5,1,12,22.4,3,Agile,0.095,1,1
32,337,424.6,5,2.1,1,2,4,4,4.2,4,Waterfall,0.987,31,1
17,335,641.6,3,6.9,1,2,3,6,7.4,4,Agile,0.084,0,0
29,279,534.0,1,1.5,6,4,2,7,7.3,3,Agile,0.555,9,1
27,98,213.6,5,0.7,5,4,4,17,10.9,3,Agile,0.958,62,1
12,352,353.6,2,9.0,1,3,1,10,9.1,3,Hybrid,0.049,0,0
13,212,501.5,2,12.1,1,1,1,15,10.4,4,Waterfall,0.01,0,0
5,213,922.2,5,3.6,7,4,3,5,18.7,4,Agile,0.144,0,0
8,265,642.9,4,3.5,5,4,5,20,0.0,3,Agile,0.634,0,0
19,288,387.7,5,7.1,1,5,4,18,4.2,3,Agile,0.083,0,0
21,350,338.4,4,8.4,3,3,4,11,17.4,4,Agile,0.274,0,0
9,225,1015.9,5,1.7,6,3,4,6,16.4,4,Waterfall,0.821,34,1
18,234,550.9,1,3.1,3,2,2,20,3.5,4,Waterfall,0.518,0,0
25,280,119.5,3,4.7,5,3,3,17,16.5,3,Agile,0.779,0,0
11,115,568.1,2,6.9,4,1,5,11,22.6,3,Waterfall,0.223,0,0
15,133,828.9,2,6.4,2,3,4,7,11.6,3,Hybrid,0.05,0,0
16,240,333.2,2,5.7,1,4,3,13,3.9,3,Agile,0.14,0,0
22,51,619.6,2,8.4,5,4,1,9,19.0,1,Waterfall,0.253,0,0
16,137,647.8,3,3.8,2,4,4,14,25.8,3,Agile,0.169,0,0
31,271,343.3,5,10.5,3,5,2,17,4.9,3,Hybrid,0.043,0,0
15,357,1059.9,4,2.5,4,4,2,11,12.3,1,Waterfall,0.964,15,1
19,204,653.2,2,6.4,6,4,4,2,20.7,5,Agile,0.086,0,0
17,164,500.2,3,2.8,4,3,2,12,12.9,4,Waterfall,0.697,22,1
9,177,552.7,3,3.6,7,4,3,18,0.0,1,Hybrid,0.634,0,0
29,260,310.9,2,4.0,2,4,1,6,15.5,2,Agile,0.242,0,0
11,212,304.4,3,2.7,7,3,1,20,4.2,3,Agile,0.937,10,1
14,37,477.6,4,8.7,3,3,3,8,1.8,5,Agile,0.042,0,0
33,211,492.2,2,2.9,5,4,5,14,0.0,3,Agile,0.866,0,0
39,164,535.2,3,3.9,5,2,4,15,21.5,5,Agile,0.773,0,0
28,265,1104.6,4,5.9,4,2,3,5,5.3,1,Waterfall,0.425,4,1
37,324,807.8,3,17.1,4,3,5,2,14.7,3,Waterfall,0.007,0,0
35,353,231.3,2,6.1,2,4,2,20,16.6,5,Waterfall,0.121,0,0
21,235,1005.0,3,4.2,3,3,5,15,13.3,5,Agile,0.308,0,0
32,151,475.8,4,0.6,3,1,3,13,14.4,2,Hybrid,0.994,63,1
15,179,844.7,2,3.5,2,5,1,7,15.0,4,Waterfall,0.07,0,0
20,89,494.5,3,2.3,4,3,1,4,13.1,1,Hybrid,0.614,24,1
23,344,633.4,4,3.1,4,3,5,7,5.9,1,Hybrid,0.871,43,1
39,314,322.7,2,2.8,5,5,4,12,5.2,5,Waterfall,0.818,16,1
35,316,700.8,2,5.9,4,3,1,15,11.2,4,Waterfall,0.095,0,0
21,140,890.4,5,3.5,7,1,5,8,11.0,2,Agile,0.873,56,1
27,138,254.0,2,1.9,4,5,1,6,15.4,5,Waterfall,0.661,0,0
10,317,896.9,3,7.4,5,2,2,6,20.8,5,Agile,0.04,0,0
33,212,423.8,1,1.4,4,5,4,20,14.8,1,Agile,0.73,45,1
24,266,1272.6,5,4.0,4,3,1,13,5.5,1,Agile,0.446,6,1
23,194,852.1,3,3.6,7,2,5,20,0.0,2,Agile,0.932,16,1
32,178,782.8,4,5.1,3,2,4,2,5.8,4,Waterfall,0.668,18,1
27,242,554.3,4,8.5,4,5,5,10,1.2,3,Hybrid,0.143,11,1
5,303,1756.9,2,18.8,7,5,5,10,6.2,3,Agile,0.0,0,0
13,142,477.2,2,4.1,4,1,5,9,13.9,3,Waterfall,0.775,18,1
9,301,357.7,4,2.3,6,5,2,9,12.7,3,Agile,0.747,13,1
30,112,431.1,5,2.1,4,5,2,3,26.9,4,Waterfall,0.855,35,1
4,165,966.5,1,2.1,2,4,2,2,15.9,1,Hybrid,0.142,0,0
10,336,627.6,5,5.0,3,1,1,16,27.3,3,Agile,0.657,12,1
25,350,583.9,5,0.5,4,3,4,10,17.7,2,Hybrid,0.985,57,1
29,340,480.7,1,1.3,5,3,1,5,20.7,4,Hybrid,0.407,6,1
22,136,569.4,1,5.0,1,1,3,8,9.1,1,Agile,0.362,0,0
35,313,464.6,4,7.6,2,5,3,19,3.4,1,Agile,0.176,0,0
37,344,817.8,5,7.6,5,4,3,10,8.4,3,Agile,0.39,6,1
8,358,529.3,2,4.3,9,1,3,20,11.9,3,Waterfall,0.64,31,1
39,37,435.1,4,6.9,3,2,2,5,7.0,3,Hybrid,0.336,16,1
26,280,928.2,5,8.6,4,5,1,4,4.0,5,Agile,0.006,0,0
27,364,363.4,2,2.9,6,3,5,12,15.3,4,Hybrid,0.794,34,1
6,286,631.8,2,8.0,2,3,3,14,4.0,2,Agile,0.252,0,0
26,108,212.9,5,0.9,2,1,3,20,0.0,4,Waterfall,0.984,55,1
30,286,291.9,2,1.2,2,1,3,10,3.0,3,Agile,0.931,23,1
25,65,501.8,3,3.0,3,5,2,5,10.1,2,Waterfall,0.703,8,1
6,191,460.5,3,0.8,2,5,4,12,4.1,1,Waterfall,0.927,17,1
22,240,460.1,3,6.0,0,1,2,7,10.2,1,Agile,0.217,0,0
38,183,855.8,2,2.6,3,3,3,5,16.8,2,Waterfall,0.924,25,1
30,265,879.5,4,3.6,4,4,5,3,16.6,5,Hybrid,0.809,1,1
8,110,690.4,4,3.7,5,5,2,15,6.7,3,Agile,0.241,0,0
39,233,353.8,2,3.0,5,3,4,14,1.6,3,Agile,0.816,0,0
39,246,567.3,3,2.1,3,5,4,5,7.4,2,Waterfall,0.825,19,1
9,242,1358.6,1,5.8,6,1,1,12,17.2,2,Waterfall,0.333,0,0
33,127,1672.3,2,2.5,9,1,4,18,19.1,4,Agile,0.879,35,1
18,132,932.5,5,3.6,6,3,5,17,14.8,1,Waterfall,0.983,48,1
25,116,360.7,3,5.1,3,2,2,10,21.6,4,Agile,0.742,12,1
19,185,569.7,4,8.5,2,4,5,3,25.8,5,Agile,0.023,0,0
32,226,669.0,5,8.1,6,2,1,14,8.1,5,Waterfall,0.747,12,1
40,151,621.9,4,2.7,8,3,1,11,23.9,2,Agile,0.885,27,1
33,167,978.7,4,2.0,1,3,5,19,9.9,5,Waterfall,0.943,31,1
38,126,838.1,4,9.7,4,5,5,12,20.2,2,Waterfall,0.291,0,0
38,103,351.1,3,2.5,8,1,4,16,17.7,2,Agile,0.99,42,1
6,250,440.3,4,5.6,4,3,4,12,0.0,2,Waterfall,0.711,22,1
12,304,930.7,2,0.7,2,2,2,12,4.3,1,Waterfall,0.318,0,0
30,127,1121.9,5,0.4,0,1,3,8,2.2,2,Agile,0.96,30,1
25,319,672.9,1,4.1,3,5,3,9,0.0,5,Agile,0.014,0,0
4,221,1187.9,5,3.3,2,5,1,7,19.0,4,Hybrid,0.152,1,1
6,86,637.0,5,6.6,6,1,3,10,28.6,2,Hybrid,0.622,0,0
22,152,382.0,1,2.1,1,4,1,20,9.9,2,Agile,0.057,0,0
26,32,802.5,4,4.9,4,4,1,8,18.8,2,Agile,0.179,0,0
9,43,2029.9,5,6.4,2,4,1,10,23.9,1,Agile,0.053,0,0
9,142,312.1,3,2.2,3,3,1,19,13.7,1,Waterfall,0.646,24,1
7,182,1166.6,2,3.0,4,2,1,4,11.8,5,Hybrid,0.12,0,0
24,297,781.3,5,1.5,10,1,5,6,10.0,4,Agile,0.958,61,1
3,75,427.4,3,6.8,7,1,5,11,16.3,4,Waterfall,0.762,35,1
24,311,215.5,1,5.8,6,1,3,9,19.0,2,Agile,0.629,34,1
21,108,174.6,2,6.1,9,3,2,8,15.7,5,Agile,0.045,0,0
20,76,459.7,4,3.3,3,1,1,16,15.4,1,Agile,0.694,0,0
28,265,721.9,3,5.7,5,4,5,11,11.6,5,Waterfall,0.663,0,0
22,290,898.7,2,3.5,6,4,4,8,0.0,3,Hybrid,0.22,1,1
30,233,997.1,4,10.8,3,2,4,11,19.2,2,Waterfall,0.386,0,0
32,68,691.8,1,3.9,3,1,3,18,1.7,4,Hybrid,0.42,2,1
37,68,641.7,2,7.8,5,3,1,20,17.0,3,Agile,0.036,0,0
33,161,509.9,3,3.3,2,5,4,6,18.0,2,Hybrid,0.622,10,1
22,181,730.2,1,9.4,4,2,3,2,2.9,4,Hybrid,0.032,0,0
21,365,430.7,2,2.0,2,5,2,2,7.1,4,Agile,0.067,0,0
11,126,320.4,5,5.3,2,2,2,10,29.0,4,Hybrid,0.576,4,1
25,94,622.9,5,2.3,6,1,1,13,11.4,3,Waterfall,0.988,40,1
8,347,866.5,5,4.7,3,4,5,2,2.2,2,Waterfall,0.503,0,0
38,81,286.9,2,2.5,3,5,1,11,18.4,3,Agile,0.419,0,0
35,38,459.7,1,3.9,3,5,5,9,5.8,5,Agile,0.041,0,0
7,172,611.9,5,2.8,4,5,5,19,0.0,2,Waterfall,0.9,0,0
32,164,605.8,2,6.2,3,1,1,13,16.2,5,Agile,0.14,0,0
7,238,771.5,4,5.5,5,1,4,10,4.7,1,Hybrid,0.258,0,0
30,324,1340.0,1,2.3,1,3,1,13,14.6,1,Hybrid,0.167,0,0
6,343,175.4,4,2.2,6,5,5,4,5.5,2,Waterfall,0.976,60,1
21,127,1369.0,3,1.9,5,5,3,11,17.7,1,Agile,0.611,17,1
27,359,1311.3,5,1.6,3,2,1,8,13.5,5,Waterfall,0.643,0,0
30,242,905.8,1,6.5,3,2,4,5,0.0,2,Waterfall,0.07,0,0
18,53,667.0,3,1.8,6,4,4,9,15.1,1,Hybrid,0.932,15,1
38,345,434.9,5,5.0,4,5,5,14,9.7,4,Hybrid,0.79,21,1
32,76,900.6,2,2.6,4,1,3,13,23.3,5,Waterfall,0.796,22,1
10,227,683.4,4,7.6,4,5,5,20,15.2,5,Waterfall,0.372,30,1
28,295,515.3,1,12.6,4,5,4,7,18.0,1,Agile,0.008,0,0
30,113,889.5,4,0.1,1,1,3,15,6.3,4,Agile,0.917,22,1
15,120,962.6,2,2.0,5,5,2,12,5.7,2,Waterfall,0.299,0,0
31,189,128.7,3,2.6,7,4,2,18,11.8,5,Waterfall,0.972,45,1
37,327,1117.7,5,3.4,3,5,4,19,9.1,4,Agile,0.85,0,0
34,105,411.3,4,3.2,4,2,4,15,22.7,4,Waterfall,0.985,42,1
31,252,1049.3,3,1.2,3,5,1,10,10.8,5,Hybrid,0.209,1,1
27,182,520.0,1,12.7,6,1,3,12,2.2,5,Agile,0.119,0,0
13,67,667.9,2,3.3,1,1,1,14,5.4,1,Agile,0.186,0,0
33,268,730.5,5,5.5,4,3,2,17,19.7,4,Agile,0.612,26,1
16,309,1008.8,2,5.6,3,4,4,6,10.7,1,Hybrid,0.19,0,0
23,223,846.6,4,1.0,4,1,4,18,10.2,5,Waterfall,0.883,40,1
14,89,511.0,3,3.0,4,2,1,17,20.5,4,Hybrid,0.828,4,1
14,82,187.2,2,6.5,5,2,4,3,4.7,1,Waterfall,0.566,0,0
8,172,767.1,4,9.8,8,1,1,7,0.0,2,Hybrid,0.353,0,0
39,200,654.7,2,3.0,2,1,1,6,5.2,5,Waterfall,0.684,0,0
8,215,310.1,2,1.2,3,1,5,13,13.9,4,Hybrid,0.947,47,1
6,111,692.2,3,2.4,6,5,1,5,10.0,2,Waterfall,0.25,8,1
38,198,608.2,4,2.9,2,5,2,7,0.0,5,Hybrid,0.231,0,0
24,129,1112.5,5,2.8,3,4,1,5,20.1,4,Agile,0.021,0,0
19,260,1414.1,4,1.9,3,4,3,3,13.3,1,Waterfall,0.743,35,1
31,297,951.3,4,1.0,6,1,3,10,15.1,2,Agile,0.984,42,1
17,249,591.2,4,1.5,4,1,5,8,15.4,5,Waterfall,0.955,42,1
7,30,634.9,2,2.4,5,2,5,11,1.6,2,Agile,0.443,13,1
30,363,404.1,2,6.4,2,5,4,6,14.4,1,Waterfall,0.348,0,0
9,37,442.7,3,8.2,2,3,3,7,19.3,4,Agile,0.092,0,0
24,365,574.6,4,4.2,2,5,1,18,21.1,5,Hybrid,0.273,1,1
39,40,545.7,4,1.5,3,2,5,17,17.8,3,Agile,0.993,47,1
38,203,301.1,1,2.6,7,2,3,7,16.1,5,Agile,0.583,41,1
16,65,1118.0,4,0.5,3,5,2,5,0.0,1,Hybrid,0.595,0,0
32,61,1192.9,2,9.9,4,3,3,20,11.9,4,Agile,0.012,0,0
26,259,1100.9,5,2.2,7,4,2,14,4.3,4,Waterfall,0.984,53,1
21,274,1212.4,4,5.1,1,4,2,11,22.3,5,Agile,0.057,0,0
8,69,1611.8,5,7.8,6,4,3,15,21.0,3,Waterfall,0.838,21,1
17,358,407.9,4,11.7,7,4,4,6,4.4,5,Agile,0.037,0,0
27,137,1578.0,3,6.9,7,5,1,10,11.6,1,Waterfall,0.578,1,1
40,136,509.5,1,2.8,1,3,5,9,14.0,1,Hybrid,0.748,4,1
3,129,822.1,2,5.6,2,2,1,15,19.2,4,Agile,0.068,0,0
30,184,264.4,5,11.4,2,3,1,5,0.0,1,Agile,0.016,0,0
35,89,477.6,2,2.2,5,2,4,11,0.0,5,Waterfall,0.881,11,1
39,172,964.2,1,1.0,3,1,1,17,12.3,1,Waterfall,0.607,40,1
19,100,841.0,2,1.9,1,2,4,5,0.0,4,Agile,0.204,0,0
7,47,504.6,3,5.4,3,3,4,4,13.3,3,Agile,0.035,0,0
13,153,634.8,4,2.9,6,3,3,17,16.7,4,Hybrid,0.823,14,1
35,255,452.8,5,3.6,5,2,3,18,21.9,4,Agile,0.975,44,1
36,286,963.0,5,6.0,6,4,5,10,7.0,3,Waterfall,0.921,0,0
27,148,1153.7,3,1.8,4,2,4,2,13.3,3,Agile,0.312,0,0
7,138,408.8,3,3.5,2,4,4,12,17.2,3,Agile,0.074,0,0
7,294,603.8,5,2.5,6,2,1,7,2.6,4,Waterfall,0.913,58,1
21,258,294.8,1,11.1,4,5,3,13,19.3,4,Agile,0.046,0,0
25,309,682.2,3,6.8,7,4,1,4,14.2,3,Waterfall,0.158,0,0
4,334,781.1,3,2.9,2,3,2,17,7.2,2,Waterfall,0.898,21,1
29,305,709.1,4,2.8,2,3,4,15,13.1,1,Waterfall,0.945,31,1
23,344,752.0,5,12.0,4,4,3,14,10.9,4,Agile,0.005,0,0
3,169,572.9,4,11.3,2,3,5,11,18.2,2,Agile,0.011,0,0
6,162,579.6,4,5.3,4,5,5,6,9.1,3,Waterfall,0.678,0,0
20,138,566.5,4,3.8,5,1,1,19,13.8,5,Agile,0.621,22,1
30,109,470.4,3,1.2,4,5,5,7,7.0,4,Agile,0.907,23,1
34,281,499.5,2,1.9,5,5,5,8,4.5,2,Agile,0.5,0,0
19,270,764.3,2,1.2,4,2,1,19,13.4,3,Waterfall,0.791,23,1
14,299,1118.6,4,8.0,6,2,2,2,4.8,2,Waterfall,0.276,0,0
39,86,372.9,4,1.3,3,5,5,4,18.4,4,Waterfall,0.92,47,1
20,195,578.5,2,2.7,2,3,1,16,16.7,1,Hybrid,0.411,0,0
14,104,333.6,5,0.6,6,4,1,8,5.9,5,Hybrid,0.795,21,1
19,330,474.7,5,0.9,4,1,3,13,13.7,5,Waterfall,0.983,59,1
3,119,514.2,4,6.2,4,3,5,13,5.8,2,Agile,0.5,0,0
14,78,659.2,2,4.8,2,4,2,17,0.0,2,Waterfall,0.148,0,0
22,221,650.4,5,3.9,3,5,4,13,7.2,3,Waterfall,0.925,15,1
37,325,601.2,2,2.8,6,3,4,10,11.6,4,Waterfall,0.712,0,0
31,337,734.7,3,0.8,9,1,1,12,16.2,4,Waterfall,0.888,71,1
32,62,391.2,5,2.5,3,3,2,16,13.2,1,Waterfall,0.987,31,1
23,139,661.9,3,3.3,1,4,4,9,19.3,4,Waterfall,0.258,0,0
7,81,852.4,2,5.9,1,5,3,5,4.2,1,Agile,0.012,0,0
17,133,388.7,1,7.7,6,5,2,11,9.0,2,Agile,0.021,0,0
40,209,238.4,2,6.3,4,4,2,20,25.2,4,Agile,0.167,0,0
4,124,959.3,4,4.8,5,1,3,4,0.0,5,Agile,0.051,0,0
36,52,339.0,4,3.8,5,3,5,5,8.4,4,Agile,0.704,34,1
29,201,463.2,2,4.4,6,3,3,20,3.4,1,Agile,0.831,18,1
13,47,840.9,1,2.3,4,3,5,17,10.4,4,Hybrid,0.457,0,0
32,106,378.8,4,4.1,1,5,4,4,8.5,1,Waterfall,0.813,28,1
34,30,928.1,1,3.3,4,5,3,6,16.8,2,Agile,0.075,0,0
4,59,430.2,1,15.2,3,2,4,15,14.0,1,Waterfall,0.017,0,0
7,176,404.1,3,4.5,2,5,3,16,1.6,5,Agile,0.043,0,0
28,315,334.4,3,0.4,6,5,4,15,7.3,2,Agile,0.674,0,0
40,290,432.2,2,2.6,6,4,5,18,12.0,3,Agile,0.917,0,0
3,63,787.9,2,3.0,0,2,4,11,17.9,4,Hybrid,0.349,0,0
28,41,463.2,2,7.0,6,4,1,18,31.5,5,Agile,0.05,0,0
8,143,961.1,2,4.9,3,3,1,13,17.6,5,Waterfall,0.211,0,0
27,249,612.9,1,4.7,3,5,5,11,3.9,1,Agile,0.105,0,0
26,280,638.7,1,9.2,4,4,5,14,11.2,2,Waterfall,0.274,0,0
6,306,398.0,2,11.4,4,5,3,10,13.4,3,Agile,0.046,0,0
28,144,1028.2,1,6.2,2,3,2,13,7.8,4,Hybrid,0.03,0,0
37,86,855.7,2,2.8,4,1,5,17,15.8,2,Agile,0.815,42,1
35,38,844.3,3,2.9,3,3,3,20,0.0,2,Agile,0.498,46,1
4,79,557.2,1,8.4,3,5,2,13,16.4,4,Waterfall,0.043,0,0
12,51,313.6,4,2.9,4,4,2,2,8.2,3,Waterfall,0.761,24,1
12,319,655.0,4,3.6,5,4,2,13,11.1,4,Hybrid,0.917,17,1
20,120,772.2,3,2.6,5,4,2,6,23.7,2,Waterfall,0.755,20,1
8,306,775.9,4,1.5,6,3,2,6,1.9,3,Waterfall,0.745,36,1
35,215,727.3,5,14.4,2,1,4,18,14.2,1,Agile,0.069,0,0
32,211,713.2,1,3.6,3,3,1,10,18.4,1,Agile,0.223,1,1
33,182,429.2,1,10.0,4,1,2,17,13.4,1,Waterfall,0.046,0,0
10,305,439.6,2,2.9,7,2,1,9,0.0,1,Waterfall,0.768,35,1
3,44,336.0,4,2.2,4,4,4,13,22.8,2,Agile,0.739,33,1
37,61,966.4,5,5.8,4,5,5,14,10.3,1,Agile,0.684,20,1
13,172,1383.2,5,7.7,2,2,4,18,7.8,1,Agile,0.735,0,0
27,162,2011.2,3,8.0,9,4,2,5,9.5,5,Waterfall,0.131,0,0
37,213,676.6,3,3.3,5,2,3,12,8.9,5,Hybrid,0.3,0,0
4,277,714.0,3,6.3,6,2,1,9,2.5,2,Waterfall,0.158,0,0
3,227,567.9,1,2.5,2,5,3,10,13.3,5,Waterfall,0.104,1,1
3,116,671.6,3,4.0,8,4,2,18,7.2,1,Hybrid,0.639,20,1
8,139,378.0,3,3.0,5,1,3,4,17.4,1,Hybrid,0.98,37,1
4,282,562.4,2,2.7,4,1,3,12,16.1,2,Waterfall,0.924,9,1
34,97,405.8,4,4.1,1,1,4,9,25.0,2,Agile,0.93,22,1
26,199,527.7,5,1.4,6,3,3,19,10.3,1,Hybrid,0.986,50,1
40,211,422.8,2,7.3,3,1,5,6,5.6,5,Waterfall,0.727,0,0
33,282,772.4,5,2.7,2,3,1,6,0.2,5,Waterfall,0.357,0,0
39,270,818.1,1,7.0,3,3,5,3,29.5,2,Agile,0.369,0,0
12,186,703.7,5,1.7,4,4,4,10,17.3,2,Hybrid,0.901,52,1
13,133,440.5,4,2.7,5,2,4,2,6.5,4,Agile,0.405,0,0
35,153,324.4,2,1.4,3,1,5,11,25.5,5,Agile,0.938,22,1
12,168,822.4,4,1.4,4,1,1,6,22.8,2,Hybrid,0.956,20,1
5,103,611.4,2,2.0,1,1,2,9,1.2,4,Waterfall,0.197,0,0
28,240,233.4,4,1.8,5,1,1,13,6.0,1,Agile,0.99,29,1
33,100,652.5,1,1.5,1,2,4,15,10.9,3,Waterfall,0.312,0,0
39,247,716.5,2,3.8,3,5,2,3,3.4,5,Agile,0.018,0,0
38,282,272.2,2,5.8,5,4,2,4,11.2,3,Agile,0.215,0,0
7,353,778.7,1,6.0,9,2,4,8,17.7,4,Waterfall,0.411,14,1
32,69,293.2,2,0.7,3,5,3,11,1.0,4,Agile,0.3,7,1
35,285,417.3,4,3.0,4,4,4,18,14.3,4,Hybrid,0.913,29,1
29,58,294.2,4,2.8,3,4,5,4,21.3,4,Agile,0.648,0,0
34,143,396.1,3,9.3,3,5,2,3,15.2,5,Waterfall,0.028,0,0
34,89,325.8,1,3.1,2,4,5,13,11.4,1,Waterfall,0.845,19,1
19,84,963.5,2,3.6,6,5,3,20,6.7,5,Agile,0.066,0,0
4,88,542.8,5,1.0,6,2,2,17,18.6,5,Agile,0.86,33,1
20,44,488.4,2,1.9,4,5,5,12,2.6,5,Agile,0.176,0,0
10,306,1006.4,1,1.0,4,1,3,2,13.9,2,Waterfall,0.489,32,1
7,50,982.1,3,4.0,4,2,1,12,12.2,3,Agile,0.285,0,0
7,163,507.3,1,9.5,5,5,2,10,21.0,2,Waterfall,0.101,1,1
29,264,697.3,2,2.0,5,1,5,10,7.3,5,Waterfall,0.967,45,1
22,362,457.1,5,3.1,3,3,3,11,8.0,3,Agile,0.849,0,0
23,316,582.5,2,1.8,3,2,3,12,2.1,2,Agile,0.519,27,1
31,76,355.0,4,2.3,2,1,4,15,15.5,4,Hybrid,0.918,56,1
23,361,745.1,3,4.1,0,2,1,5,8.6,1,Agile,0.429,0,0
26,249,1025.2,2,12.5,4,3,1,3,5.1,2,Waterfall,0.001,0,0
6,90,940.9,4,9.2,6,4,3,2,5.9,2,Hybrid,0.049,0,0
35,180,624.9,3,11.0,3,4,5,9,16.3,2,Waterfall,0.316,0,0
20,338,222.2,2,7.1,3,1,1,11,3.2,3,Hybrid,0.095,0,0
8,162,446.9,2,3.1,5,2,4,16,3.9,1,Waterfall,0.921,0,0
33,91,582.2,5,2.8,7,1,5,10,19.2,5,Hybrid,0.988,56,1
30,324,305.1,1,2.0,1,1,1,12,10.7,3,Hybrid,0.256,0,0
5,350,279.4,5,3.1,4,2,1,20,19.6,2,Hybrid,0.946,0,0
10,357,1157.6,3,9.6,3,4,5,16,9.1,1,Waterfall,0.094,0,0
3,351,889.6,5,9.5,6,2,1,15,12.0,5,Hybrid,0.163,0,0
13,323,772.1,2,15.6,2,1,4,8,13.3,5,Agile,0.002,0,0
6,182,841.6,3,4.3,2,2,4,4,23.1,3,Waterfall,0.553,0,0
29,94,331.1,4,1.2,7,3,2,19,22.4,2,Agile,0.974,29,1
22,237,389.6,2,5.5,4,2,2,12,21.2,3,Agile,0.404,1,1
40,104,677.6,2,12.6,4,5,3,3,7.0,5,Hybrid,0.001,0,0
31,188,702.6,3,10.4,3,3,3,11,4.1,2,Agile,0.041,0,0
26,250,296.3,4,2.5,5,5,5,3,18.1,4,Agile,0.674,24,1
22,348,655.1,2,1.4,4,1,3,20,23.0,5,Agile,0.912,25,1
5,127,587.3,4,1.3,2,2,5,12,21.3,4,Waterfall,0.955,0,0
5,114,926.8,4,2.1,2,1,2,16,12.1,5,Agile,0.499,29,1
26,276,704.2,1,2.4,4,1,2,10,17.8,5,Agile,0.718,0,0
3,32,1220.4,5,2.9,4,5,2,2,18.0,1,Agile,0.26,0,0
4,220,508.7,1,6.0,6,3,4,14,13.2,2,Agile,0.1,0,0
11,280,342.2,4,2.9,3,4,1,14,13.5,1,Agile,0.557,12,1
36,215,1205.0,3,3.9,4,2,5,6,12.8,3,Agile,0.212,0,0
20,159,721.5,4,0.9,7,1,4,15,5.7,3,Agile,0.867,42,1
29,308,588.9,4,2.0,1,5,5,6,6.5,1,Waterfall,0.944,27,1
18,154,396.8,4,1.9,3,4,5,15,6.4,3,Hybrid,0.698,53,1
9,268,511.5,4,0.7,7,4,1,16,0.0,1,Hybrid,0.833,18,1
17,185,498.6,5,2.8,3,3,4,4,13.1,3,Hybrid,0.86,30,1
6,38,334.7,4,0.9,1,3,3,7,11.7,2,Hybrid,0.732,29,1
32,208,189.3,5,2.6,6,3,4,5,18.1,5,Agile,0.971,53,1
9,46,493.0,3,4.1,5,4,5,15,22.1,4,Agile,0.475,0,0
17,342,851.6,2,9.7,5,2,3,6,22.6,4,Hybrid,0.027,0,0
40,232,1066.2,2,1.8,3,2,1,14,23.3,5,Waterfall,0.775,24,1
25,155,943.7,4,4.0,4,2,5,9,5.9,1,Hybrid,0.936,9,1
20,193,969.5,3,2.2,7,3,3,3,0.5,2,Waterfall,0.506,13,1
23,238,354.3,1,0.8,3,5,3,18,19.4,4,Hybrid,0.669,20,1
32,117,683.6,2,9.7,2,5,3,15,23.1,4,Agile,0.005,0,0
12,126,774.9,5,4.3,3,3,5,6,24.4,1,Hybrid,0.751,37,1
27,170,798.1,4,5.3,4,2,3,18,15.9,2,Agile,0.926,15,1
36,116,582.7,4,10.8,3,5,2,15,0.0,2,Agile,0.031,0,0
24,284,644.7,1,2.6,3,2,4,17,14.9,1,Hybrid,0.769,18,1
19,64,1430.2,1,1.2,3,2,4,5,16.4,4,Agile,0.327,0,0
8,307,930.7,2,1.8,4,5,1,2,22.0,1,Waterfall,0.6,1,1
12,147,761.9,5,1.1,7,2,3,3,23.4,5,Waterfall,0.919,54,1
38,218,828.0,3,8.0,7,3,4,12,19.3,3,Agile,0.29,0,0
23,83,482.1,4,12.9,3,5,5,16,7.3,4,Agile,0.031,0,0
14,159,807.8,3,4.1,5,2,2,19,3.8,3,Agile,0.098,0,0
18,283,640.7,3,6.1,1,4,3,20,16.3,5,Waterfall,0.367,4,1
24,120,887.0,4,7.3,3,1,5,13,5.7,2,Waterfall,0.31,0,0
23,74,429.1,5,11.3,0,5,3,13,23.8,3,Hybrid,0.033,0,0
29,205,853.6,3,12.6,2,3,3,7,0.0,1,Agile,0.002,0,0
12,84,514.9,3,0.6,0,4,1,2,16.5,5,Waterfall,0.092,0,0
27,135,855.4,5,2.3,6,3,1,5,14.6,3,Waterfall,0.967,19,1
19,181,685.6,2,3.7,7,3,4,3,10.3,1,Waterfall,0.93,31,1
38,219,618.6,5,2.0,2,3,5,15,4.6,5,Hybrid,0.971,36,1
9,244,528.3,3,3.0,3,1,4,11,0.0,5,Agile,0.174,0,0
8,257,590.1,5,5.1,7,2,4,16,7.7,1,Agile,0.807,34,1
20,313,493.5,3,5.0,0,2,4,4,7.9,5,Agile,0.195,0,0
22,52,523.1,4,7.1,4,2,2,19,20.9,4,Hybrid,0.602,14,1
29,151,752.4,2,3.8,3,2,3,15,5.7,2,Waterfall,0.457,21,1
18,30,252.4,4,0.3,7,4,2,19,15.6,4,Waterfall,0.954,51,1
37,33,850.0,2,2.8,4,5,2,14,1.7,4,Agile,0.037,0,0
21,101,856.6,4,4.7,7,5,3,8,15.8,3,Hybrid,0.849,0,0
7,230,535.9,4,7.5,1,5,4,13,0.0,4,Agile,0.023,1,1
7,330,652.6,3,6.8,2,4,5,13,28.8,1,Agile,0.295,13,1
39,289,376.4,3,3.4,3,3,2,5,10.9,5,Hybrid,0.543,0,0
8,247,729.8,2,2.1,5,4,2,3,0.0,5,Waterfall,0.417,7,1
39,291,399.5,4,3.5,1,1,1,14,6.3,2,Agile,0.495,36,1
13,87,131.6,3,0.7,1,5,5,3,5.0,3,Agile,0.844,12,1
6,312,1047.0,3,2.3,6,3,4,3,6.8,2,Hybrid,0.439,48,1
14,329,356.0,1,8.4,6,1,2,3,9.1,2,Waterfall,0.565,0,0
26,61,584.1,1,3.5,4,3,5,13,6.7,2,Agile,0.11,0,0
19,187,664.3,1,4.9,2,2,4,19,5.5,5,Hybrid,0.115,0,0
32,308,751.6,5,1.0,4,2,3,11,2.7,4,Agile,0.981,40,1
26,189,608.7,5,7.4,3,1,2,4,18.6,5,Agile,0.374,0,0
18,312,691.7,1,3.3,4,1,3,11,21.6,4,Waterfall,0.709,26,1
27,344,529.9,1,4.7,8,2,1,11,10.0,4,Waterfall,0.339,0,0
39,189,275.5,4,5.5,1,2,1,13,11.9,1,Agile,0.355,0,0
18,49,597.6,3,7.3,4,5,5,10,3.0,5,Waterfall,0.335,0,0
8,144,799.8,2,4.2,4,2,2,12,12.6,4,Hybrid,0.271,0,0
18,102,366.8,4,3.4,3,2,1,8,13.8,1,Agile,0.835,15,1
34,189,667.5,2,1.3,5,5,5,19,10.2,1,Hybrid,0.932,43,1
11,226,1335.2,1,0.9,2,5,5,12,15.2,4,Waterfall,0.343,0,0
39,185,579.2,2,4.2,2,1,5,7,14.5,2,Waterfall,0.935,0,0
25,95,593.3,5,4.8,2,1,1,2,3.6,2,Agile,0.486,2,1
25,131,264.2,4,5.3,4,1,5,14,21.5,2,Waterfall,0.968,60,1
15,258,345.7,1,1.8,2,3,2,9,10.3,5,Waterfall,0.117,0,0
37,39,401.7,3,2.3,2,3,1,6,25.4,2,Agile,0.773,16,1
4,101,785.3,5,4.1,4,2,5,11,15.4,2,Waterfall,0.937,53,1
14,329,379.1,5,2.6,7,1,2,11,27.8,2,Waterfall,0.987,70,1
18,63,220.3,4,16.4,5,2,4,17,21.4,1,Waterfall,0.4,0,0
21,169,722.7,1,2.3,5,4,1,12,13.8,1,Hybrid,0.406,0,0
21,99,419.6,2,5.0,4,2,1,15,6.2,3,Waterfall,0.473,0,0
8,65,269.4,2,6.6,4,1,5,14,6.4,1,Agile,0.735,23,1
11,172,830.1,1,6.9,2,4,3,18,16.3,4,Agile,0.026,0,0
6,205,501.3,1,2.6,3,4,5,2,13.1,3,Agile,0.196,1,1
24,89,754.2,2,5.5,5,3,1,9,7.3,3,Agile,0.054,0,0
16,56,264.8,3,5.0,1,5,5,15,18.7,2,Waterfall,0.923,26,1
24,75,179.7,2,5.7,3,5,5,4,12.3,4,Waterfall,0.212,0,0
25,248,638.0,3,4.1,2,1,5,10,18.7,3,Agile,0.84,24,1
29,319,339.6,2,6.7,3,5,1,9,4.2,1,Hybrid,0.127,0,0
23,90,633.7,1,4.4,4,1,1,17,20.0,3,Agile,0.246,5,1
27,137,640.2,5,1.1,5,3,3,20,16.0,1,Agile,0.992,56,1
25,145,602.3,3,4.3,6,5,1,4,21.6,3,Hybrid,0.272,10,1
27,151,965.8,2,4.7,0,5,1,6,19.8,3,Agile,0.023,0,0
26,112,1869.1,5,6.3,11,1,5,16,11.3,3,Agile,0.943,32,1
15,48,716.8,5,4.2,0,1,4,5,10.7,2,Agile,0.375,0,0
12,206,1334.5,5,11.5,3,2,5,11,26.3,3,Hybrid,0.358,0,0
32,150,255.8,1,3.4,8,2,5,19,9.7,4,Agile,0.943,41,1
16,144,507.8,4,2.4,4,2,1,20,18.0,5,Agile,0.511,0,0
23,118,308.3,5,9.2,3,3,5,20,8.9,5,Agile,0.541,0,0
10,342,433.3,5,3.4,2,2,1,4,0.0,1,Agile,0.416,0,0
19,235,522.4,2,3.9,1,3,2,4,2.2,4,Hybrid,0.107,0,0
23,170,1388.4,5,4.7,6,5,2,5,15.2,1,Hybrid,0.433,0,0
26,99,618.6,3,4.4,4,3,2,16,17.6,3,Agile,0.564,22,1
23,299,982.8,3,5.7,3,2,4,5,15.3,4,Waterfall,0.297,11,1
16,328,487.6,3,6.1,2,3,1,10,21.2,3,Agile,0.223,0,0
39,40,459.4,4,2.3,1,4,5,17,15.1,5,Waterfall,0.921,30,1
22,342,259.4,1,1.4,1,5,5,11,5.8,5,Agile,0.225,0,0
33,265,1367.0,3,1.5,11,5,4,19,16.8,5,Waterfall,0.991,31,1
30,63,1135.8,5,8.5,2,2,1,11,13.4,4,Hybrid,0.036,0,0
24,283,670.7,3,3.2,1,5,3,9,7.4,4,Hybrid,0.066,0,0
36,66,537.1,2,6.6,4,5,4,20,15.8,5,Waterfall,0.44,0,0
7,47,629.8,1,6.2,3,1,2,12,12.6,2,Agile,0.007,0,0
38,68,302.2,3,3.9,2,3,2,5,7.2,2,Hybrid,0.856,17,1
35,184,753.6,4,1.8,7,1,3,14,10.6,2,Waterfall,0.991,51,1
22,238,1091.5,3,6.3,1,3,5,16,23.3,4,Waterfall,0.089,0,0
30,166,1117.5,5,3.8,8,1,1,17,23.0,2,Agile,0.815,41,1
22,70,264.8,4,1.3,1,2,3,2,13.5,1,Hybrid,0.697,22,1
13,96,978.5,3,2.6,4,3,2,4,12.5,4,Agile,0.235,0,0
33,316,303.2,1,0.9,4,2,3,13,0.5,4,Waterfall,0.683,42,1
12,353,186.2,3,2.7,3,1,1,16,25.8,3,Waterfall,0.952,47,1
14,283,995.9,1,4.0,4,2,5,14,20.3,5,Agile,0.185,7,1
22,64,468.8,4,3.5,4,3,3,9,18.0,4,Waterfall,0.72,0,0
34,305,930.2,1,3.2,6,4,5,16,0.0,5,Agile,0.429,0,0
17,262,891.3,5,4.0,6,1,1,13,12.3,2,Waterfall,0.957,37,1
21,206,838.5,2,5.4,5,3,3,19,11.0,1,Agile,0.6,0,0
4,78,626.1,3,6.9,2,1,4,8,17.5,2,Agile,0.079,0,0
7,364,320.1,1,7.6,5,1,4,16,8.4,5,Hybrid,0.245,0,0
5,178,522.9,2,2.1,3,1,1,4,10.1,5,Waterfall,0.185,0,0
5,44,1126.3,5,8.1,4,4,4,15,17.0,1,Agile,0.225,0,0
36,100,941.5,2,3.8,3,5,1,15,5.8,5,Agile,0.014,0,0
34,164,536.2,3,2.9,4,4,3,6,7.4,3,Agile,0.408,0,0
34,50,533.0,5,1.6,3,2,1,3,13.5,5,Waterfall,0.78,26,1
5,138,803.6,4,5.2,3,5,1,20,22.7,4,Waterfall,0.181,0,0
5,187,647.7,1,5.0,7,3,4,3,18.5,1,Agile,0.287,0,0
13,348,549.6,2,2.4,2,3,4,10,20.6,3,Agile,0.619,18,1
24,59,772.2,2,2.5,5,4,5,2,12.5,1,Hybrid,0.655,16,1
15,223,760.1,2,3.4,5,4,4,9,24.0,2,Hybrid,0.426,0,0
21,337,439.2,2,2.9,4,3,3,17,0.0,4,Agile,0.52,0,0
9,300,709.0,3,2.0,2,3,1,11,28.2,4,Hybrid,0.208,0,0
30,340,738.5,2,1.4,4,2,4,6,29.2,4,Agile,0.869,27,1
14,87,603.6,2,8.2,4,4,2,9,15.7,4,Waterfall,0.024,0,0
5,299,416.4,3,2.6,3,4,1,3,18.7,1,Waterfall,0.691,27,1
31,358,515.1,2,5.0,5,3,4,13,11.7,3,Hybrid,0.744,6,1
37,139,375.7,2,5.7,2,4,3,2,10.3,3,Agile,0.381,0,0
3,197,718.1,3,5.2,4,1,1,8,7.1,3,Hybrid,0.251,0,0
19,208,265.6,5,5.9,7,3,3,3,11.6,2,Waterfall,0.927,40,1
34,195,1181.3,3,5.1,3,5,4,6,16.4,4,Waterfall,0.122,0,0
29,127,1067.3,3,2.2,5,4,3,3,15.4,4,Agile,0.506,1,1
35,356,746.8,5,3.0,4,4,4,19,27.9,3,Hybrid,0.944,34,1
18,351,915.6,4,8.0,4,5,3,16,12.8,1,Hybrid,0.072,0,0
17,157,887.0,2,2.5,3,4,2,19,0.1,1,Waterfall,0.415,0,0
29,300,652.4,2,3.8,3,4,2,14,25.2,2,Agile,0.4,0,0
8,163,556.9,3,5.4,2,3,2,11,2.2,3,Agile,0.033,0,0
12,297,527.0,3,10.0,8,5,5,5,7.5,5,Hybrid,0.093,0,0
25,226,1202.0,1,7.5,7,4,2,20,14.2,4,Waterfall,0.101,0,0
28,187,409.1,1,1.7,2,3,4,19,15.3,3,Agile,0.6,0,0
7,73,413.1,2,4.9,4,1,2,9,0.4,2,Waterfall,0.701,0,0
22,249,953.6,5,4.5,4,5,3,6,6.0,1,Agile,0.183,13,1
16,137,911.5,4,3.0,3,2,4,9,0.2,1,Waterfall,0.976,36,1
22,102,541.4,5,3.9,0,2,3,9,17.0,1,Hybrid,0.805,21,1
39,94,784.4,1,2.2,8,1,4,19,21.5,5,Waterfall,0.962,47,1
5,359,833.0,3,3.3,2,2,5,3,2.2,1,Agile,0.517,0,0
40,64,312.4,3,2.6,5,1,5,14,20.0,5,Agile,0.724,0,0
20,298,1099.8,3,4.1,5,1,5,16,19.4,3,Waterfall,0.763,9,1
32,321,832.8,3,2.9,4,1,1,16,6.7,4,Waterfall,0.681,0,0
19,40,753.3,2,10.5,0,2,4,5,0.0,5,Agile,0.006,0,0
14,228,835.9,1,4.2,3,4,4,9,3.4,4,Agile,0.012,0,0
32,224,711.1,5,3.6,3,5,3,8,7.2,1,Agile,0.451,0,0
29,150,587.2,5,3.2,4,2,2,9,24.3,5,Agile,0.762,0,0
8,254,215.1,1,2.9,3,3,1,3,11.1,1,Waterfall,0.623,0,0
29,167,655.2,3,1.3,4,5,5,3,3.9,3,Hybrid,0.836,28,1
31,177,298.3,3,6.6,4,4,5,2,13.2,4,Waterfall,0.31,0,0
17,174,1426.3,4,9.2,8,5,1,20,1.6,2,Agile,0.011,0,0
38,299,582.5,5,2.5,4,3,3,9,16.1,4,Hybrid,0.954,47,1
27,242,1414.6,3,8.0,2,1,3,6,4.2,4,Hybrid,0.233,0,0
15,157,660.5,4,16.3,1,1,1,17,5.3,5,Waterfall,0.002,0,0
3,341,457.4,5,12.6,4,4,3,11,15.0,5,Waterfall,0.017,0,0
28,299,1084.8,5,8.9,2,1,5,8,26.0,2,Agile,0.353,0,0
10,343,739.0,2,1.5,2,3,2,4,29.6,4,Waterfall,0.546,16,1
31,275,1671.6,5,1.4,2,2,4,9,3.7,5,Agile,0.57,0,0
22,161,451.7,3,5.9,2,5,5,14,7.2,1,Agile,0.661,1,1
20,289,1106.3,1,3.8,3,5,3,13,16.1,4,Waterfall,0.281,0,0
9,140,1134.1,4,0.5,2,3,1,9,21.4,5,Agile,0.298,0,0
30,121,865.5,5,2.8,3,3,2,13,0.0,1,Agile,0.271,0,0
9,181,1138.6,2,5.7,5,2,1,16,12.7,4,Agile,0.035,0,0
18,355,588.9,3,3.4,2,4,2,19,8.1,1,Agile,0.329,3,1
34,220,408.1,2,3.8,7,2,4,12,0.0,3,Waterfall,0.854,30,1
37,158,477.3,1,1.4,1,4,2,6,1.3,5,Agile,0.115,0,0
40,185,639.0,5,2.7,7,5,3,4,7.5,5,Agile,0.769,32,1
39,127,886.5,1,5.9,9,1,5,4,12.5,4,Agile,0.151,0,0
24,251,422.1,3,2.6,5,2,2,2,20.1,4,Hybrid,0.894,23,1
10,147,527.2,1,8.4,5,2,5,12,14.8,2,Hybrid,0.161,0,0
34,216,438.7,4,3.9,4,5,2,6,19.6,5,Agile,0.405,0,0
33,154,960.9,5,5.1,5,4,4,6,12.2,4,Hybrid,0.782,14,1
40,137,1409.2,4,5.8,5,1,1,15,6.4,5,Waterfall,0.24,0,0
27,355,374.6,4,5.7,6,2,2,8,10.5,4,Agile,0.842,5,1
8,146,801.8,5,1.7,4,4,5,17,17.6,1,Agile,0.908,24,1
22,53,1017.7,5,2.0,5,5,3,4,20.3,3,Agile,0.861,19,1
20,157,564.3,5,0.5,2,3,3,8,10.8,4,Agile,0.622,0,0
35,208,306.3,2,3.0,4,1,3,2,4.6,4,Waterfall,0.953,43,1
17,61,1080.1,3,1.8,2,1,2,12,14.7,2,Hybrid,0.437,3,1
15,132,296.9,5,2.6,1,1,5,4,15.8,1,Hybrid,0.998,54,1
6,85,1230.1,2,3.2,5,1,2,6,21.9,5,Hybrid,0.15,0,0
34,198,434.2,4,4.3,8,3,1,15,6.6,5,Agile,0.843,49,1
31,272,275.4,1,3.4,4,2,5,18,6.7,5,Hybrid,0.703,0,0
4,355,494.7,5,3.4,1,2,1,12,18.0,4,Agile,0.612,0,0
19,160,615.0,4,4.9,1,4,5,20,8.7,5,Agile,0.246,11,1
21,320,677.1,4,3.7,7,3,2,16,8.4,3,Agile,0.521,29,1
20,102,833.5,5,6.9,5,4,1,16,22.0,4,Hybrid,0.02,0,0
37,292,706.1,2,3.7,4,3,2,20,1.0,3,Agile,0.889,3,1
8,219,1354.0,3,10.0,3,2,4,3,28.4,4,Agile,0.026,0,0
14,284,601.2,5,1.6,7,5,3,6,7.1,1,Hybrid,0.511,49,1
9,283,723.9,1,2.9,2,3,1,10,18.9,2,Waterfall,0.263,0,0
12,208,695.4,5,2.2,5,5,2,13,11.1,2,Agile,0.824,0,0
37,116,259.3,2,4.4,5,1,2,20,14.2,3,Waterfall,0.812,27,1
38,206,340.6,3,1.6,4,5,4,3,9.9,5,Agile,0.423,2,1
4,307,640.3,3,1.0,6,4,5,6,18.9,1,Waterfall,0.961,47,1
27,356,765.6,4,1.9,6,2,2,7,9.2,4,Waterfall,0.977,51,1
11,341,210.7,5,1.1,4,4,5,14,7.4,5,Agile,0.931,51,1
10,90,1383.9,2,3.3,2,4,3,20,26.5,4,Waterfall,0.639,0,0
14,230,794.8,1,4.3,6,5,1,19,12.2,4,Waterfall,0.303,0,0
10,65,623.2,3,0.9,4,2,2,16,6.6,1,Agile,0.685,24,1
21,254,777.6,4,2.8,8,5,5,16,0.1,4,Waterfall,0.714,0,0
40,363,481.0,4,7.5,6,4,5,9,26.9,2,Waterfall,0.888,25,1
25,47,680.6,4,9.0,8,2,4,13,7.6,2,Waterfall,0.828,19,1
30,250,732.1,2,6.2,2,2,2,5,28.5,5,Waterfall,0.17,14,1
21,347,1086.1,5,0.3,2,2,4,11,15.2,4,Waterfall,0.976,33,1
3,314,575.8,1,4.0,9,3,4,7,13.1,5,Hybrid,0.599,9,1
6,161,300.9,1,8.1,5,5,4,19,13.4,3,Agile,0.076,0,0
13,64,402.9,1,2.6,7,5,3,8,29.7,2,Agile,0.337,0,0
12,340,553.8,5,1.3,1,1,3,9,0.0,5,Agile,0.821,35,1
34,339,317.5,1,7.7,6,1,5,9,13.7,4,Waterfall,0.958,37,1
35,224,381.6,4,8.5,5,1,5,19,9.9,5,Agile,0.264,0,0
35,358,404.7,5,3.7,4,4,3,19,10.3,1,Hybrid,0.972,57,1
27,31,536.0,4,1.3,4,2,2,10,13.2,3,Waterfall,0.989,30,1
24,237,789.9,5,0.8,5,4,3,20,9.9,5,Waterfall,0.843,0,0
27,42,523.9,1,4.7,1,4,3,16,13.5,5,Agile,0.082,0,0
18,344,815.1,3,2.3,11,1,4,18,11.8,4,Waterfall,0.996,76,1
28,258,623.5,3,3.5,4,4,2,19,1.5,1,Waterfall,0.468,14,1
33,336,388.0,4,3.2,6,4,1,8,15.1,3,Agile,0.844,23,1
31,219,738.0,4,1.8,5,5,5,12,17.7,1,Agile,0.91,40,1
26,57,684.7,3,0.7,7,4,5,7,7.7,5,Waterfall,0.907,40,1
5,38,825.3,2,2.6,6,2,1,7,26.9,4,Hybrid,0.299,0,0
30,142,905.4,1,4.1,5,5,2,10,22.7,1,Waterfall,0.642,0,0
16,279,1102.3,3,4.2,3,2,3,2,18.8,4,Waterfall,0.352,0,0
31,80,802.4,2,2.1,3,5,4,6,18.7,4,Agile,0.144,0,0
23,316,674.0,3,8.4,9,2,4,17,12.2,1,Agile,0.641,0,0
36,110,827.0,4,1.5,3,5,2,5,21.1,1,Agile,0.58,0,0
15,196,499.2,3,7.1,3,4,2,13,24.6,2,Agile,0.047,0,0
38,98,481.5,3,4.0,4,3,3,16,18.5,1,Agile,0.709,37,1
35,186,1173.6,1,2.7,2,2,2,6,7.4,3,Hybrid,0.22,0,0
15,181,474.8,4,5.2,4,1,3,10,11.7,5,Agile,0.565,16,1
21,31,409.8,3,3.1,5,5,2,18,16.6,1,Agile,0.845,8,1
23,220,802.2,1,1.0,6,5,1,17,18.7,4,Agile,0.255,0,0
32,294,501.3,2,1.4,5,3,4,19,11.4,3,Waterfall,0.933,45,1
29,344,901.1,4,3.0,3,5,4,13,7.5,5,Agile,0.18,0,0
35,141,1064.0,5,2.4,4,4,2,18,24.7,3,Waterfall,0.924,22,1
17,325,437.8,3,7.0,6,2,3,9,3.4,4,Agile,0.276,12,1
22,325,847.6,5,2.3,9,5,3,13,4.5,5,Agile,0.801,35,1
19,362,469.3,1,2.2,6,4,1,14,1.4,1,Agile,0.544,8,1
37,155,559.4,2,2.0,6,3,3,20,4.5,2,Waterfall,0.964,45,1
14,315,722.1,5,1.8,10,1,3,8,22.0,2,Agile,0.992,65,1
25,219,482.0,1,1.9,6,4,5,18,22.2,1,Hybrid,0.927,41,1
7,49,691.7,4,1.2,5,2,2,11,11.4,4,Hybrid,0.56,17,1
35,120,581.5,2,4.1,2,2,4,3,16.0,1,Agile,0.374,0,0
17,255,910.6,2,3.3,5,4,2,14,11.9,2,Waterfall,0.679,21,1
15,83,911.7,3,3.2,3,5,1,20,2.5,1,Agile,0.097,0,0
25,176,483.2,2,0.8,8,1,2,10,29.7,4,Agile,0.768,30,1
21,290,729.8,5,4.8,8,5,5,12,23.0,4,Waterfall,0.979,26,1
35,80,976.4,5,5.2,3,2,2,19,14.8,3,Hybrid,0.45,21,1
23,196,378.6,3,9.7,4,3,5,19,5.2,3,Agile,0.202,0,0
22,102,579.8,3,5.0,1,5,4,9,10.2,3,Agile,0.159,0,0
6,210,714.9,1,11.0,6,2,4,16,6.5,1,Agile,0.037,0,0
3,110,370.7,2,2.1,4,2,4,13,12.8,2,Waterfall,0.329,0,0
18,354,510.7,1,10.1,3,5,3,14,14.5,5,Agile,0.007,0,0
40,55,1286.7,5,5.1,3,2,4,15,9.3,1,Agile,0.907,22,1
37,353,474.1,2,4.7,1,5,1,8,0.4,4,Waterfall,0.204,0,0
26,296,499.2,2,3.1,5,2,4,7,29.1,1,Agile,0.489,45,1
26,317,275.5,5,2.7,0,4,4,2,13.9,1,Agile,0.972,23,1
17,316,798.0,4,2.2,4,3,1,18,15.7,2,Agile,0.389,18,1
9,93,349.1,4,10.3,2,5,3,7,8.6,2,Hybrid,0.014,0,0
3,342,585.8,1,3.1,5,3,3,14,0.0,2,Agile,0.406,0,0
15,229,411.8,3,5.2,5,3,2,15,11.3,5,Agile,0.34,0,0
15,353,691.1,3,6.0,8,3,1,15,9.4,5,Hybrid,0.342,0,0
10,325,138.1,2,5.9,4,2,1,18,17.7,4,Agile,0.169,0,0
12,224,647.0,4,4.1,4,3,2,18,19.2,1,Agile,0.885,16,1
3,155,724.2,5,10.0,6,3,2,2,18.1,5,Hybrid,0.055,0,0
26,69,517.0,2,4.9,3,4,2,17,19.9,5,Agile,0.019,0,0
38,63,532.5,2,2.2,7,1,4,5,26.4,1,Hybrid,0.994,57,1
29,160,487.0,2,2.8,3,3,3,14,15.1,2,Agile,0.649,18,1
20,302,582.2,5,0.9,4,3,1,14,20.8,4,Agile,0.945,36,1
18,199,1180.9,1,4.5,7,4,1,3,16.0,1,Waterfall,0.41,0,0
14,191,923.9,5,5.5,3,4,4,7,0.0,1,Waterfall,0.943,21,1
8,112,581.9,4,5.8,4,3,5,19,10.8,4,Agile,0.336,0,0
25,219,510.8,3,5.1,1,1,5,4,5.1,2,Waterfall,0.765,11,1
24,244,883.7,3,3.1,3,2,4,6,13.9,3,Agile,0.704,0,0
3,360,670.4,5,3.6,4,2,2,3,5.7,4,Waterfall,0.655,24,1
18,275,366.3,4,3.6,2,2,4,5,16.8,3,Waterfall,0.947,26,1
13,234,550.5,2,7.0,3,4,1,14,19.8,4,Agile,0.001,0,0
9,335,1122.0,1,0.6,5,3,1,17,21.6,1,Agile,0.538,0,0
29,172,783.3,4,2.5,3,4,1,13,25.0,1,Waterfall,0.826,0,0
22,344,513.5,1,1.5,4,1,1,7,0.0,2,Agile,0.487,0,0
27,154,290.8,1,12.6,7,5,2,18,2.4,2,Waterfall,0.016,0,0
30,72,689.5,5,8.0,3,3,1,8,35.4,2,Waterfall,0.678,1,1
40,170,625.1,3,2.6,5,2,5,7,20.1,4,Hybrid,0.893,44,1
33,73,573.4,4,1.1,2,2,4,11,13.8,1,Hybrid,0.972,55,1
26,69,888.3,2,1.4,2,5,4,4,12.3,1,Agile,0.286,0,0
36,326,787.9,1,7.0,6,4,1,8,11.5,2,Agile,0.103,0,0
21,297,295.6,1,0.9,3,1,5,17,0.0,2,Hybrid,0.987,59,1
40,104,626.7,2,3.6,7,5,1,13,5.8,1,Agile,0.488,1,1
31,311,331.6,1,6.2,2,1,5,20,11.1,1,Waterfall,0.924,31,1
27,53,490.9,3,1.3,2,2,4,16,6.3,3,Waterfall,0.929,57,1
37,125,319.7,2,3.6,6,4,2,8,7.3,1,Waterfall,0.752,17,1
22,267,325.2,3,2.6,4,3,1,16,32.5,1,Agile,0.826,29,1
30,132,728.8,3,2.4,3,3,4,18,10.0,5,Agile,0.454,0,0
13,275,695.5,2,2.1,4,5,5,13,14.2,1,Waterfall,0.887,38,1
39,323,605.1,3,6.6,4,4,3,16,13.9,1,Waterfall,0.741,34,1
26,52,470.9,1,9.1,2,5,1,11,16.7,1,Waterfall,0.01,0,0
32,38,308.4,2,3.0,8,2,3,19,8.2,3,Agile,0.865,34,1
20,345,492.0,5,4.7,4,5,3,6,22.0,4,Hybrid,0.27,1,1
35,204,697.0,5,3.7,5,2,2,10,15.5,4,Agile,0.753,40,1
5,200,689.6,3,0.7,3,5,5,6,1.7,4,Agile,0.328,0,0
7,185,1111.0,5,2.9,3,3,2,3,11.1,1,Waterfall,0.935,20,1
22,175,1036.8,3,0.5,1,3,2,13,10.6,2,Agile,0.743,0,0
30,261,616.3,1,2.5,4,1,4,4,10.3,4,Agile,0.286,17,1
33,224,489.5,5,3.5,7,5,4,6,16.1,4,Waterfall,0.951,50,1
19,84,416.7,3,5.9,3,2,4,16,17.1,2,Agile,0.584,21,1
27,240,285.7,4,4.4,7,3,3,6,16.1,5,Hybrid,0.802,31,1
24,254,349.0,4,6.7,6,1,2,18,14.7,5,Waterfall,0.78,30,1
39,68,697.5,2,1.8,6,5,2,2,12.7,4,Agile,0.23,0,0
27,156,813.1,4,8.4,4,2,1,10,0.0,4,Hybrid,0.395,0,0
18,295,536.3,3,9.1,2,4,1,3,18.2,5,Agile,0.005,0,0
39,237,1644.3,2,0.5,7,4,3,3,15.9,4,Agile,0.672,8,1
7,75,350.6,2,0.8,2,3,3,17,4.1,3,Waterfall,0.158,0,0
40,43,272.4,4,3.5,10,1,4,3,14.2,2,Hybrid,0.997,52,1
8,225,1630.5,2,2.3,3,2,5,18,17.2,2,Waterfall,0.949,32,1
13,185,301.2,1,2.6,1,4,3,13,21.4,5,Waterfall,0.121,0,0
34,352,532.8,5,4.4,1,3,1,11,16.1,2,Waterfall,0.679,31,1
30,205,433.3,2,6.9,3,3,1,19,14.6,4,Agile,0.121,0,0
39,342,721.5,4,1.7,2,2,2,9,19.6,3,Agile,0.816,34,1
31,102,514.1,4,7.6,5,3,2,9,9.5,2,Hybrid,0.549,0,0
27,180,814.3,5,2.0,4,1,1,9,15.3,3,Agile,0.792,34,1
16,76,896.7,4,13.7,4,3,4,14,7.0,1,Hybrid,0.171,1,1
3,222,284.4,4,8.4,3,1,2,18,20.9,4,Agile,0.128,1,1
7,93,410.3,5,2.2,3,4,4,12,0.0,1,Agile,0.986,28,1
14,195,846.7,5,1.1,5,3,2,7,18.5,1,Waterfall,0.988,40,1
4,145,980.0,1,2.2,7,5,1,18,12.1,2,Waterfall,0.618,0,0
22,92,662.1,4,1.9,4,3,1,13,19.7,3,Agile,0.379,0,0
32,62,746.3,1,5.4,9,1,3,17,5.8,2,Agile,0.759,4,1
39,202,1144.2,5,0.5,4,2,3,10,12.7,5,Waterfall,0.974,50,1
21,348,517.1,1,0.8,3,5,3,5,12.5,5,Agile,0.028,0,0
36,96,658.8,2,5.3,7,5,5,19,15.5,2,Agile,0.269,0,0
40,166,1037.3,1,1.9,3,1,4,14,3.6,5,Agile,0.44,1,1
35,105,1067.7,4,2.5,6,4,4,7,17.1,1,Waterfall,0.936,33,1
20,301,584.2,1,6.2,7,3,1,18,0.0,1,Waterfall,0.286,0,0
15,169,416.5,1,7.1,5,2,3,2,6.7,2,Waterfall,0.466,10,1
40,357,581.2,3,8.1,2,3,4,19,0.0,5,Hybrid,0.089,0,0
12,112,607.5,5,5.9,5,5,3,12,18.6,3,Hybrid,0.379,0,0
18,57,409.3,3,3.1,2,1,5,13,15.2,4,Waterfall,0.795,39,1
5,225,438.4,3,2.9,3,5,3,2,15.6,4,Waterfall,0.508,21,1
33,248,1068.4,4,2.6,3,1,2,5,23.8,3,Agile,0.296,0,0
27,362,762.3,3,1.3,4,4,5,15,9.5,5,Waterfall,0.832,0,0
6,322,534.0,2,1.7,6,1,2,12,16.9,5,Hybrid,0.344,0,0
11,327,360.9,3,7.4,6,1,3,4,12.5,3,Agile,0.344,0,0
24,243,440.9,1,2.0,4,1,1,14,11.3,4,Hybrid,0.757,19,1
23,150,262.0,2,1.3,6,5,1,16,22.5,4,Waterfall,0.896,23,1
33,174,670.2,4,7.9,1,3,1,7,28.7,3,Hybrid,0.065,0,0
13,74,429.5,2,4.2,4,4,3,15,8.5,1,Agile,0.432,0,0
38,174,694.8,1,10.5,4,1,5,20,18.7,2,Agile,0.139,0,0
19,152,842.7,1,9.7,2,5,1,11,14.6,5,Hybrid,0.005,0,0
34,42,699.5,5,1.4,5,5,5,6,14.6,2,Agile,0.916,34,1
12,98,503.6,2,3.3,5,3,5,20,14.0,4,Waterfall,0.145,0,0
4,209,399.5,1,1.5,3,5,1,19,9.3,5,Agile,0.125,0,0
5,154,336.2,4,1.5,5,1,1,10,0.0,4,Hybrid,0.769,21,1
17,363,1020.3,3,2.6,9,2,5,10,24.3,2,Hybrid,0.964,41,1
39,190,685.5,3,5.5,5,1,3,17,6.4,5,Agile,0.581,19,1
4,352,517.0,5,5.5,2,1,1,2,10.1,1,Agile,0.163,0,0
17,251,791.6,2,5.1,4,5,5,7,10.2,4,Waterfall,0.23,0,0
7,43,944.8,3,3.1,3,3,3,12,5.7,2,Waterfall,0.638,17,1
38,98,433.7,4,5.7,4,4,4,14,13.9,4,Agile,0.594,7,1
28,267,676.0,4,1.2,3,5,4,13,11.6,3,Agile,0.653,0,0
31,213,682.3,2,4.2,1,4,2,9,6.3,3,Waterfall,0.39,0,0
30,131,1121.4,4,3.6,4,2,2,18,13.2,2,Agile,0.372,19,1
27,205,513.6,4,2.9,9,2,1,14,11.7,3,Agile,0.85,52,1
32,333,392.7,1,4.3,4,1,3,12,19.4,5,Agile,0.415,11,1
3,160,710.5,1,1.6,2,5,5,19,1.3,5,Waterfall,0.277,0,0
35,45,821.8,4,5.2,3,5,4,3,5.6,3,Waterfall,0.312,0,0
31,134,650.6,1,3.6,0,3,4,15,17.8,5,Agile,0.258,1,1
31,344,1157.1,5,0.9,1,3,1,19,6.9,5,Hybrid,0.715,10,1
17,285,512.9,1,3.5,3,5,3,14,4.8,4,Waterfall,0.218,0,0
33,311,658.0,5,2.3,4,2,5,12,7.3,3,Hybrid,0.982,47,1
17,336,295.1,4,7.6,1,3,1,8,11.2,1,Agile,0.268,1,1
4,69,382.5,3,1.3,6,5,2,7,11.2,3,Hybrid,0.66,0,0
37,124,435.0,2,1.4,6,2,4,12,10.3,2,Agile,0.711,37,1
11,50,552.9,2,4.7,4,5,1,19,3.8,1,Agile,0.165,0,0
6,31,318.0,4,3.2,2,1,2,10,18.2,5,Agile,0.468,0,0
26,310,786.5,4,3.0,2,3,5,4,22.6,2,Agile,0.881,33,1
11,344,417.0,2,13.8,3,3,1,11,0.0,4,Waterfall,0.003,0,0
35,82,1504.2,3,5.6,7,2,3,3,0.0,5,Agile,0.03,0,0
19,272,424.0,5,2.7,4,5,2,19,20.0,3,Agile,0.261,45,1
3,209,626.9,2,0.8,2,3,2,12,24.6,4,Agile,0.103,0,0
39,53,591.0,4,2.6,1,5,2,6,0.0,4,Hybrid,0.408,1,1
22,337,367.3,1,1.2,6,2,2,13,18.5,3,Agile,0.941,33,1
12,322,553.9,5,1.7,5,2,4,12,25.1,5,Waterfall,0.983,48,1
28,220,550.7,1,1.7,2,3,1,11,5.1,5,Hybrid,0.071,0,0
23,267,897.1,2,7.2,8,3,1,13,24.6,2,Waterfall,0.224,17,1
4,163,722.8,3,1.0,4,2,2,19,10.6,5,Waterfall,0.891,18,1
31,296,781.2,2,6.7,3,2,5,18,14.5,1,Hybrid,0.333,5,1
18,179,888.1,1,4.9,2,4,2,6,6.2,1,Hybrid,0.339,1,1
29,362,787.0,4,4.8,3,2,1,6,20.0,3,Agile,0.806,7,1
37,51,673.4,1,1.6,4,4,3,20,18.7,4,Agile,0.848,9,1
26,87,433.2,5,6.1,1,3,4,14,25.8,3,Agile,0.634,0,0
28,355,653.8,1,1.4,6,5,3,2,23.5,4,Hybrid,0.478,30,1
12,127,395.6,2,9.2,2,2,1,12,11.9,2,Hybrid,0.056,0,0
12,134,573.4,5,7.3,5,5,5,4,36.9,5,Waterfall,0.732,13,1
18,295,539.3,1,10.3,3,3,5,2,22.8,5,Hybrid,0.012,0,0
35,93,555.2,1,3.6,3,1,5,5,16.3,1,Agile,0.434,34,1
22,202,319.5,4,3.2,6,4,5,6,4.0,3,Waterfall,0.928,0,0
16,126,139.2,1,2.6,6,2,2,3,0.0,2,Waterfall,0.66,24,1
32,96,494.0,5,13.6,3,1,3,17,0.4,4,Waterfall,0.327,5,1
35,354,983.4,3,5.5,3,3,5,10,4.5,3,Hybrid,0.367,0,0
37,97,622.7,5,1.2,4,4,3,12,23.0,2,Agile,0.942,54,1
14,61,950.5,2,8.5,7,2,5,18,15.9,2,Agile,0.486,1,1
29,256,396.9,1,3.1,5,4,4,17,7.1,2,Waterfall,0.948,34,1
25,321,482.7,5,0.2,10,1,5,17,10.9,1,Agile,0.999,86,1
20,72,1547.2,4,1.9,5,1,1,5,9.9,1,Agile,0.786,22,1
18,267,408.2,5,7.3,3,4,4,16,18.4,4,Hybrid,0.286,15,1
7,211,774.3,2,4.9,4,1,5,20,5.0,5,Agile,0.489,0,0
13,308,773.7,3,5.6,4,2,1,2,14.8,3,Agile,0.317,0,0
23,72,735.1,3,8.5,6,3,4,18,14.4,5,Agile,0.018,0,0
36,357,778.7,3,0.7,8,1,1,18,5.2,1,Agile,0.996,51,1
35,238,405.4,2,1.9,5,5,5,17,24.7,5,Hybrid,0.754,54,1
10,312,505.0,2,3.7,1,3,5,9,9.6,3,Agile,0.417,0,0
28,151,156.7,4,7.4,3,2,1,5,4.1,4,Hybrid,0.261,0,0
6,346,1138.9,1,1.4,3,5,3,15,18.8,1,Waterfall,0.526,0,0
28,240,776.6,2,2.7,3,3,2,13,12.4,4,Agile,0.207,0,0
15,72,435.3,2,3.5,11,4,5,15,15.3,2,Hybrid,0.857,54,1
20,340,398.9,1,1.9,4,1,2,6,2.5,5,Hybrid,0.651,9,1
30,297,991.3,1,3.5,4,1,4,5,18.5,4,Agile,0.261,0,0
19,130,421.0,3,3.1,1,1,1,19,29.4,5,Agile,0.152,0,0
33,213,434.6,1,2.3,5,3,2,11,1.9,5,Hybrid,0.22,0,0
23,160,359.9,2,6.1,3,5,5,18,14.8,4,Waterfall,0.149,0,0
40,212,843.6,3,5.3,4,5,2,19,5.7,2,Hybrid,0.253,0,0
27,354,944.1,5,6.3,4,3,4,10,33.5,2,Waterfall,0.927,55,1
14,332,540.8,1,6.7,7,1,5,6,21.9,5,Waterfall,0.386,0,0
32,102,946.9,3,0.9,3,4,5,19,14.3,4,Agile,0.863,11,1
18,356,706.7,1,1.0,4,4,1,15,2.2,5,Agile,0.111,0,0
23,177,349.6,3,5.7,5,3,2,14,4.1,4,Agile,0.223,0,0
8,266,1100.5,3,2.5,3,4,4,20,18.0,4,Waterfall,0.621,38,1
7,286,358.1,4,2.2,3,3,5,6,1.1,1,Hybrid,0.982,48,1
24,192,559.1,3,1.9,5,4,5,8,1.4,5,Agile,0.296,0,0
10,183,541.6,5,6.4,3,3,4,2,12.1,2,Hybrid,0.867,29,1
40,183,497.8,1,13.0,3,1,1,9,13.1,2,Waterfall,0.067,0,0
35,319,222.6,1,6.6,5,1,4,10,15.0,1,Agile,0.706,35,1
29,159,1394.8,1,2.4,2,5,2,10,8.5,1,Waterfall,0.502,1,1
30,124,237.3,2,6.2,4,3,5,4,19.4,2,Agile,0.437,0,0
25,151,1132.5,1,0.9,6,2,3,17,5.1,5,Waterfall,0.774,16,1
5,95,392.5,1,3.0,2,2,1,11,17.0,5,Waterfall,0.06,0,0
17,161,454.4,2,0.7,4,1,5,10,13.7,3,Agile,0.96,41,1
21,68,1080.9,5,2.5,2,5,5,18,16.8,2,Agile,0.489,7,1
37,60,741.7,5,4.0,5,1,3,11,21.5,2,Agile,0.922,62,1
11,273,300.0,1,14.6,2,2,5,18,8.4,5,Agile,0.007,0,0
21,56,297.0,5,7.8,7,3,1,6,6.7,1,Agile,0.729,0,0
16,220,692.1,2,0.7,2,2,2,18,0.0,1,Agile,0.381,23,1
8,292,355.1,3,0.7,1,1,1,20,0.0,1,Agile,0.895,40,1
6,273,757.7,2,1.9,4,2,2,16,10.6,5,Hybrid,0.175,5,1
16,179,793.4,3,11.1,2,4,2,18,11.1,1,Hybrid,0.002,0,0
6,95,412.3,4,0.7,3,2,3,16,3.3,5,Waterfall,0.777,24,1
5,342,465.9,4,2.0,6,5,2,13,5.0,1,Agile,0.893,16,1
16,310,702.5,3,2.0,5,2,3,16,24.2,3,Hybrid,0.908,0,0
10,235,403.8,4,4.7,2,1,2,20,19.0,5,Hybrid,0.472,0,0
24,59,623.1,4,6.3,5,1,2,13,1.9,1,Agile,0.577,20,1
3,41,1592.1,1,5.4,3,5,5,15,8.5,2,Agile,0.056,0,0
14,135,717.9,2,4.3,5,3,3,3,15.2,4,Agile,0.193,2,1
20,82,501.0,1,0.9,7,5,1,20,7.0,5,Hybrid,0.094,0,0
39,319,1462.2,4,3.8,6,4,2,16,5.5,5,Agile,0.295,0,0
27,99,871.5,3,8.6,4,1,5,5,9.3,1,Waterfall,0.545,16,1
36,124,359.2,4,10.6,2,2,1,7,20.7,4,Hybrid,0.02,0,0
16,357,391.6,3,4.6,2,4,5,6,21.5,2,Agile,0.23,18,1
20,304,250.7,2,0.7,4,1,2,8,6.1,3,Waterfall,0.913,0,0
18,103,696.6,1,4.7,2,5,4,18,15.7,5,Waterfall,0.076,0,0
36,158,203.7,5,3.1,3,1,3,10,11.9,5,Agile,0.877,21,1
39,203,1461.3,2,0.8,8,4,4,9,3.9,1,Agile,0.777,0,0
39,253,529.4,1,1.4,5,5,4,16,9.6,3,Agile,0.522,31,1
31,344,896.4,2,1.6,4,3,1,9,1.9,2,Waterfall,0.577,9,1
22,322,507.1,5,5.7,3,5,2,18,21.3,4,Waterfall,0.656,0,0
23,358,690.9,2,10.3,1,5,3,16,24.4,5,Agile,0.019,1,1
40,43,562.7,5,5.1,4,4,2,6,8.7,2,Waterfall,0.249,0,0
13,109,614.8,3,5.9,5,4,2,13,6.8,1,Agile,0.294,0,0
16,219,1025.7,5,3.3,7,2,5,11,20.4,1,Agile,0.957,46,1
37,46,1256.3,4,2.2,4,2,2,8,21.7,1,Waterfall,0.94,42,1
17,149,1210.3,1,5.2,3,5,1,19,3.1,2,Agile,0.063,0,0
11,81,2176.1,3,4.3,2,2,3,9,10.8,5,Waterfall,0.113,0,0
24,343,424.8,3,1.7,2,3,1,4,11.5,2,Agile,0.754,24,1
15,51,722.2,2,4.1,2,3,1,9,5.8,3,Agile,0.011,0,0
36,79,429.5,3,3.5,4,2,5,11,15.1,4,Agile,0.826,19,1
37,95,1006.0,1,2.7,6,2,2,4,6.4,4,Hybrid,0.278,0,0
14,79,367.6,4,2.1,3,3,1,16,7.7,2,Waterfall,0.852,44,1
23,221,1034.0,5,4.6,4,2,4,6,11.2,1,Hybrid,0.702,0,0
40,152,660.8,1,2.2,5,5,3,3,0.1,1,Waterfall,0.72,31,1
31,336,577.7,3,13.1,8,1,3,12,0.0,2,Hybrid,0.602,0,0
11,117,609.0,4,5.0,5,2,3,5,19.3,1,Waterfall,0.667,34,1
25,210,336.7,1,4.7,5,5,1,16,6.1,3,Agile,0.128,1,1
26,251,350.4,2,3.0,2,3,5,3,29.1,4,Waterfall,0.905,25,1
27,240,666.3,2,2.5,2,4,1,9,27.8,4,Agile,0.122,0,0
3,297,664.2,1,0.5,4,4,3,2,7.9,5,Waterfall,0.595,0,0
14,97,438.8,5,1.8,5,2,2,9,30.7,2,Waterfall,0.969,56,1
35,200,526.6,3,0.7,5,4,4,19,19.5,4,Waterfall,0.963,47,1
12,298,750.5,4,0.7,2,2,3,14,6.8,5,Waterfall,0.659,39,1
14,319,402.8,3,1.2,5,4,2,12,0.0,1,Agile,0.817,43,1
15,237,236.7,5,8.0,3,1,3,4,17.5,4,Agile,0.394,0,0
9,249,1158.2,5,8.0,3,4,2,7,12.3,1,Waterfall,0.291,1,1
8,320,688.1,4,1.9,4,1,1,9,15.5,3,Hybrid,0.713,0,0
16,239,476.5,2,0.9,7,5,5,12,10.2,5,Agile,0.563,0,0
36,348,428.9,3,2.4,6,4,4,5,2.8,3,Waterfall,0.956,55,1
3,72,400.9,5,5.7,6,1,4,20,8.6,3,Agile,0.957,39,1
13,146,1004.2,3,6.9,3,1,5,14,17.7,4,Agile,0.324,0,0
5,67,309.7,3,4.1,6,1,5,7,9.2,3,Agile,0.961,35,1
24,60,721.3,1,4.6,3,5,3,4,9.1,4,Hybrid,0.058,0,0
12,188,721.0,5,4.3,2,3,4,13,0.0,5,Agile,0.426,1,1
33,105,850.7,4,0.7,2,2,3,10,12.7,1,Hybrid,0.966,40,1
25,166,498.3,2,1.0,6,2,2,14,3.1,3,Agile,0.942,15,1
32,177,1111.8,3,10.6,2,1,4,13,19.3,5,Hybrid,0.146,0,0
27,238,862.5,3,4.0,2,2,5,14,6.1,2,Agile,0.341,0,0
19,347,490.4,1,0.4,5,5,5,17,9.6,3,Agile,0.874,0,0
35,315,419.3,5,4.8,3,3,3,11,29.3,4,Agile,0.799,0,0
21,157,563.4,5,1.5,4,2,5,15,9.5,5,Agile,0.916,12,1
39,139,482.6,5,7.3,8,1,1,8,8.5,2,Waterfall,0.629,29,1
40,288,386.9,2,6.8,2,2,1,19,16.7,5,Waterfall,0.069,0,0
25,71,621.8,2,5.5,3,2,3,9,0.0,4,Waterfall,0.163,0,0
28,211,528.3,1,4.0,4,1,2,14,22.0,1,Waterfall,0.499,28,1
12,172,1236.3,4,8.6,4,4,5,20,20.0,5,Hybrid,0.095,0,0
33,91,482.2,2,9.1,6,4,1,8,16.2,2,Agile,0.101,0,0
28,237,417.5,5,1.6,4,5,3,3,0.0,2,Waterfall,0.875,38,1
37,137,602.9,5,5.4,5,2,4,6,9.9,3,Agile,0.812,0,0
13,92,678.0,1,2.1,5,2,1,6,1.8,3,Waterfall,0.14,0,0
32,249,702.3,5,1.4,7,5,1,3,21.0,3,Hybrid,0.924,53,1
20,88,699.1,1,9.1,2,2,3,12,20.4,1,Hybrid,0.076,0,0
10,256,612.6,3,6.1,8,4,5,7,15.1,5,Waterfall,0.253,1,1
9,84,591.8,3,4.3,5,4,1,3,2.4,2,Agile,0.049,10,1
24,176,795.5,5,1.7,3,5,1,4,24.0,1,Hybrid,0.484,17,1
15,301,370.2,4,9.3,1,2,5,7,9.9,3,Agile,0.249,0,0
6,106,418.9,5,1.5,4,4,4,9,26.4,4,Hybrid,0.922,29,1
19,287,272.5,3,1.2,3,1,4,20,14.1,1,Agile,0.973,55,1
27,272,373.1,5,3.5,0,4,2,15,16.1,5,Waterfall,0.595,18,1
15,333,958.1,5,5.7,3,1,2,15,8.3,4,Agile,0.444,0,0
39,86,780.0,5,2.6,1,4,3,15,23.3,5,Waterfall,0.828,23,1
32,270,1314.3,3,4.0,5,2,2,17,16.9,4,Hybrid,0.42,0,0
22,344,1166.2,2,2.1,4,3,3,8,23.5,1,Agile,0.429,0,0
38,286,783.1,5,2.3,3,1,5,3,13.4,2,Waterfall,0.986,52,1
19,93,644.7,4,11.4,2,4,4,11,11.6,5,Agile,0.008,0,0
8,306,608.4,5,3.2,3,3,5,2,16.8,3,Agile,0.964,19,1
4,66,197.7,3,8.9,4,4,3,6,23.5,1,Hybrid,0.154,29,1
38,227,577.0,5,0.6,6,2,4,16,20.1,1,Agile,0.996,47,1
39,197,454.2,4,7.4,5,1,3,11,13.1,3,Agile,0.741,22,1
31,208,381.2,4,1.8,2,3,4,15,0.0,3,Waterfall,0.984,37,1
6,204,725.4,1,6.2,2,4,4,11,18.5,2,Hybrid,0.032,0,0
14,40,544.6,3,1.8,5,4,5,12,0.5,1,Agile,0.933,15,1
4,200,625.9,4,2.5,4,2,5,7,12.3,4,Waterfall,0.869,34,1
4,344,354.6,4,1.3,9,4,1,6,11.1,3,Agile,0.987,38,1
12,176,879.8,5,6.3,6,3,4,6,0.7,1,Agile,0.626,13,1
24,123,481.1,2,7.0,3,2,4,17,15.0,1,Agile,0.145,0,0
5,364,707.6,2,1.8,1,1,4,20,29.2,2,Waterfall,0.862,33,1
40,63,500.5,5,0.8,4,2,1,3,9.5,3,Agile,0.967,30,1
20,193,180.7,5,8.8,4,1,3,12,18.1,2,Hybrid,0.792,23,1
13,202,739.1,1,2.0,3,4,5,10,30.8,1,Waterfall,0.737,33,1
22,190,561.5,2,3.1,5,1,5,12,18.9,5,Waterfall,0.941,37,1
33,339,263.4,5,1.6,5,1,2,6,6.8,4,Hybrid,0.96,53,1
14,171,333.9,1,5.8,4,1,3,2,13.9,3,Agile,0.147,0,0
4,357,891.8,4,5.9,0,2,5,5,15.8,2,Agile,0.104,11,1
4,52,269.7,1,9.8,6,1,5,5,23.5,4,Hybrid,0.393,5,1
35,276,475.2,1,7.6,4,4,2,2,21.7,5,Waterfall,0.021,0,0
7,229,1369.0,4,7.2,8,1,5,8,0.0,4,Hybrid,0.612,24,1
27,110,748.0,4,3.3,5,5,5,14,5.2,2,Agile,0.816,10,1
17,106,834.6,3,3.0,4,3,1,20,11.4,2,Waterfall,0.576,0,0
32,271,522.6,5,5.8,3,1,1,14,3.9,5,Hybrid,0.257,0,0
5,244,252.2,2,3.2,4,3,1,5,0.0,1,Agile,0.151,3,1
37,235,654.1,3,7.7,5,1,1,8,6.2,2,Waterfall,0.627,16,1
29,47,345.3,4,1.5,2,5,4,7,12.0,1,Hybrid,0.787,21,1
20,230,329.2,4,0.6,5,3,2,6,7.8,4,Hybrid,0.551,23,1
10,359,619.2,2,5.3,0,5,4,20,4.0,3,Hybrid,0.132,0,0
40,35,357.1,4,2.3,4,2,1,14,12.3,1,Waterfall,0.917,52,1
14,187,586.2,3,1.3,4,1,4,11,14.7,5,Waterfall,0.95,31,1
21,196,425.6,3,14.0,3,2,4,10,8.3,3,Agile,0.014,0,0
17,331,576.7,5,3.6,4,3,5,8,23.0,2,Hybrid,0.942,36,1
11,125,460.6,2,1.0,7,4,2,9,12.5,5,Waterfall,0.677,32,1
18,189,584.2,4,2.0,2,3,3,14,5.0,4,Agile,0.285,0,0
8,270,1120.7,5,2.8,1,5,3,19,3.0,1,Waterfall,0.422,0,0
3,50,843.5,4,5.2,8,2,2,11,10.3,5,Agile,0.21,0,0
14,299,554.0,5,2.1,1,2,4,5,20.9,1,Agile,0.761,33,1
7,306,1036.9,3,3.1,4,3,3,20,5.4,5,Waterfall,0.643,0,0
18,271,712.3,2,4.4,3,1,5,7,16.8,2,Agile,0.486,0,0
35,247,1003.5,5,5.0,6,4,1,3,12.8,2,Agile,0.169,0,0
9,281,284.4,4,3.3,5,1,2,12,27.9,1,Agile,0.902,32,1
3,292,359.1,2,11.3,2,4,3,17,15.1,5,Hybrid,0.01,0,0
7,333,650.5,2,5.9,6,2,3,6,6.4,3,Waterfall,0.294,34,1
22,173,547.5,2,5.7,3,2,5,7,17.9,4,Waterfall,0.606,16,1
13,183,584.9,5,5.5,5,4,4,7,18.2,5,Agile,0.545,10,1
21,244,766.3,1,7.8,6,4,1,17,8.8,3,Agile,0.187,0,0
4,94,653.5,4,4.2,6,5,3,20,2.7,2,Waterfall,0.85,24,1
15,317,881.2,3,1.4,2,2,5,18,16.3,4,Hybrid,0.5,13,1
18,288,870.0,1,4.8,4,5,5,6,12.5,3,Waterfall,0.15,0,0
19,242,367.3,4,5.3,6,5,5,18,0.0,2,Waterfall,0.867,44,1
23,131,183.8,4,8.6,6,5,3,7,14.0,5,Hybrid,0.317,0,0
32,146,355.9,4,1.3,4,5,1,18,6.9,5,Hybrid,0.478,0,0
20,176,344.9,3,1.6,4,4,2,20,0.0,2,Agile,0.606,17,1
34,252,605.6,2,3.7,2,2,5,15,9.2,4,Waterfall,0.493,28,1
